Kp,ap
2.333,9.0
3.0,15.0
2.0,7.0
2.667,12.0
1.667,6.0
2.667,12.0
3.667,22.0
4.0,27.0
2.0,7.0
2.0,7.0
1.0,4.0
1.667,6.0
1.333,5.0
1.333,5.0
2.0,7.0
3.0,15.0
1.333,5.0
0.333,2.0
0.667,3.0
0.333,2.0
1.0,4.0
2.0,7.0
2.333,9.0
2.667,12.0
4.0,27.0
4.667,39.0
4.333,32.0
3.333,18.0
3.333,18.0
2.0,7.0
1.667,6.0
0.667,3.0
0.333,2.0
0.667,3.0
1.0,4.0
1.333,5.0
2.667,12.0
3.0,15.0
2.667,12.0
2.667,12.0
1.0,4.0
0.333,2.0
0.333,2.0
0.667,3.0
1.0,4.0
0.333,2.0
1.333,5.0
1.333,5.0
1.0,4.0
2.333,9.0
1.0,4.0
0.333,2.0
0.333,2.0
2.667,12.0
2.333,9.0
0.333,2.0
2.0,7.0
2.333,9.0
2.0,7.0
1.667,6.0
3.0,15.0
1.333,5.0
1.0,4.0
0.667,3.0
1.667,6.0
0.333,2.0
0.333,2.0
1.0,4.0
0.667,3.0
1.667,6.0
2.0,7.0
1.333,5.0
0.667,3.0
0.667,3.0
0.667,3.0
0.667,3.0
2.0,7.0
3.0,15.0
1.667,6.0
2.0,7.0
1.667,6.0
2.667,12.0
1.667,6.0
1.667,6.0
1.0,4.0
2.0,7.0
2.333,9.0
2.333,9.0
3.0,15.0
2.0,7.0
2.0,7.0
1.667,6.0
2.0,7.0
2.0,7.0
1.667,6.0
3.0,15.0
2.333,9.0
1.667,6.0
2.0,7.0
2.333,9.0
2.333,9.0
1.667,6.0
3.333,18.0
4.0,27.0
3.0,15.0
3.333,18.0
2.333,9.0
1.667,6.0
0.667,3.0
1.0,4.0
1.667,6.0
2.667,12.0
4.667,39.0
3.667,22.0
3.667,22.0
3.667,22.0
3.667,22.0
3.667,22.0
4.0,27.0
5.0,48.0
4.0,27.0
1.667,6.0
3.0,15.0
3.0,15.0
3.333,18.0
3.333,18.0
1.667,6.0
0.667,3.0
0.0,0.0
1.667,6.0
1.667,6.0
1.0,4.0
1.0,4.0
0.333,2.0
0.0,0.0
3.333,18.0
4.0,27.0
4.0,27.0
3.333,18.0
2.667,12.0
2.667,12.0
2.333,9.0
1.667,6.0
0.667,3.0
0.0,0.0
1.0,4.0
2.667,12.0
2.667,12.0
2.333,9.0
0.333,2.0
0.667,3.0
1.333,5.0
1.0,4.0
1.0,4.0
0.0,0.0
1.333,5.0
1.667,6.0
2.667,12.0
1.333,5.0
1.333,5.0
2.333,9.0
4.0,27.0
4.0,27.0
1.667,6.0
2.333,9.0
3.0,15.0
3.333,18.0
2.667,12.0
2.0,7.0
1.333,5.0
2.333,9.0
2.0,7.0
2.0,7.0
2.333,9.0
3.333,18.0
1.667,6.0
0.333,2.0
1.667,6.0
1.0,4.0
0.667,3.0
3.0,15.0
2.0,7.0
1.333,5.0
2.333,9.0
1.0,4.0
0.333,2.0
0.667,3.0
1.333,5.0
1.333,5.0
1.0,4.0
0.667,3.0
0.333,2.0
0.0,0.0
0.0,0.0
0.333,2.0
2.0,7.0
3.0,15.0
2.333,9.0
1.667,6.0
1.333,5.0
1.0,4.0
2.667,12.0
2.667,12.0
2.333,9.0
2.667,12.0
2.667,12.0
2.667,12.0
1.0,4.0
0.667,3.0
0.333,2.0
1.667,6.0
2.333,9.0
2.667,12.0
3.333,18.0
1.667,6.0
2.333,9.0
3.0,15.0
2.667,12.0
2.0,7.0
1.0,4.0
2.667,12.0
2.333,9.0
2.667,12.0
1.333,5.0
0.0,0.0
0.333,2.0
2.0,7.0
1.0,4.0
1.0,4.0
2.0,7.0
0.667,3.0
1.667,6.0
1.0,4.0
0.333,2.0
0.667,3.0
1.0,4.0
0.667,3.0
0.667,3.0
1.0,4.0
2.667,12.0
0.0,0.0
2.0,7.0
2.667,12.0
2.0,7.0
1.0,4.0
3.333,18.0
2.333,9.0
1.667,6.0
1.0,4.0
0.667,3.0
0.333,2.0
0.333,2.0
1.0,4.0
1.333,5.0
2.667,12.0
2.333,9.0
3.333,18.0
1.667,6.0
0.333,2.0
0.667,3.0
0.333,2.0
0.0,0.0
0.333,2.0
0.667,3.0
2.0,7.0
1.667,6.0
0.333,2.0
0.333,2.0
1.667,6.0
3.0,15.0
2.667,12.0
1.667,6.0
2.667,12.0
2.667,12.0
0.667,3.0
0.333,2.0
1.0,4.0
0.667,3.0
0.0,0.0
1.0,4.0
0.333,2.0
2.0,7.0
0.333,2.0
1.0,4.0
1.0,4.0
1.333,5.0
1.667,6.0
1.333,5.0
3.0,15.0
3.333,18.0
2.667,12.0
3.333,18.0
2.667,12.0
2.333,9.0
3.667,22.0
3.667,22.0
4.0,27.0
4.0,27.0
3.333,18.0
3.667,22.0
3.0,15.0
3.0,15.0
2.667,12.0
2.667,12.0
3.0,15.0
3.333,18.0
3.0,15.0
4.0,27.0
3.333,18.0
2.667,12.0
3.333,18.0
3.0,15.0
3.0,15.0
4.0,27.0
2.667,12.0
3.0,15.0
2.333,9.0
3.333,18.0
3.333,18.0
4.333,32.0
4.0,27.0
2.667,12.0
2.333,9.0
2.667,12.0
3.0,15.0
2.0,7.0
3.333,18.0
3.667,22.0
3.333,18.0
3.0,15.0
2.0,7.0
2.333,9.0
2.333,9.0
1.0,4.0
1.0,4.0
0.333,2.0
1.667,6.0
2.0,7.0
1.667,6.0
2.0,7.0
1.667,6.0
1.667,6.0
2.333,9.0
2.0,7.0
0.667,3.0
0.0,0.0
0.667,3.0
0.667,3.0
2.0,7.0
1.0,4.0
1.333,5.0
1.0,4.0
2.0,7.0
0.333,2.0
2.333,9.0
2.0,7.0
1.0,4.0
1.333,5.0
0.667,3.0
2.333,9.0
2.667,12.0
3.667,22.0
5.333,56.0
4.333,32.0
3.333,18.0
4.0,27.0
3.333,18.0
4.333,32.0
3.0,15.0
2.667,12.0
5.0,48.0
4.333,32.0
4.333,32.0
4.333,32.0
1.333,5.0
1.333,5.0
1.667,6.0
3.0,15.0
2.0,7.0
1.333,5.0
1.333,5.0
0.667,3.0
1.0,4.0
0.0,0.0
1.0,4.0
2.0,7.0
0.667,3.0
1.333,5.0
2.0,7.0
0.667,3.0
2.333,9.0
2.0,7.0
2.667,12.0
0.667,3.0
1.333,5.0
1.0,4.0
2.0,7.0
1.333,5.0
1.333,5.0
1.333,5.0
0.667,3.0
0.333,2.0
1.667,6.0
3.0,15.0
2.333,9.0
1.667,6.0
2.333,9.0
1.667,6.0
3.0,15.0
3.333,18.0
3.333,18.0
4.0,27.0
3.667,22.0
1.667,6.0
1.0,4.0
1.333,5.0
1.333,5.0
0.333,2.0
1.333,5.0
1.667,6.0
2.0,7.0
2.0,7.0
2.0,7.0
2.333,9.0
4.333,32.0
3.667,22.0
3.0,15.0
2.667,12.0
2.667,12.0
4.0,27.0
3.333,18.0
3.667,22.0
2.333,9.0
1.0,4.0
2.0,7.0
1.333,5.0
1.667,6.0
0.667,3.0
0.0,0.0
0.333,2.0
0.667,3.0
0.333,2.0
1.667,6.0
2.0,7.0
2.0,7.0
3.333,18.0
3.0,15.0
3.333,18.0
3.333,18.0
2.333,9.0
3.0,15.0
3.333,18.0
3.0,15.0
1.667,6.0
5.0,48.0
5.667,67.0
5.0,48.0
6.0,80.0
6.667,111.0
6.667,111.0
6.333,94.0
6.667,111.0
6.333,94.0
6.0,80.0
5.667,67.0
4.667,39.0
3.0,15.0
3.0,15.0
1.667,6.0
1.333,5.0
4.0,27.0
4.333,32.0
3.0,15.0
1.0,4.0
1.333,5.0
2.667,12.0
0.667,3.0
1.333,5.0
2.0,7.0
2.0,7.0
0.667,3.0
1.333,5.0
2.0,7.0
2.0,7.0
1.333,5.0
1.667,6.0
2.667,12.0
3.667,22.0
3.667,22.0
3.667,22.0
3.333,18.0
3.333,18.0
3.333,18.0
2.0,7.0
4.0,27.0
4.0,27.0
3.333,18.0
3.0,15.0
3.0,15.0
3.333,18.0
2.0,7.0
2.667,12.0
3.333,18.0
4.0,27.0
3.333,18.0
3.333,18.0
3.667,22.0
2.667,12.0
4.0,27.0
3.333,18.0
4.333,32.0
3.667,22.0
3.667,22.0
3.0,15.0
2.667,12.0
2.0,7.0
2.667,12.0
3.0,15.0
2.667,12.0
3.667,22.0
2.333,9.0
3.0,15.0
3.0,15.0
2.667,12.0
2.0,7.0
1.0,4.0
1.0,4.0
0.667,3.0
0.333,2.0
1.667,6.0
2.0,7.0
1.667,6.0
1.333,5.0
1.333,5.0
3.0,15.0
2.333,9.0
2.0,7.0
3.0,15.0
4.0,27.0
3.333,18.0
3.0,15.0
3.0,15.0
2.333,9.0
2.0,7.0
3.333,18.0
1.667,6.0
1.667,6.0
0.333,2.0
1.0,4.0
3.0,15.0
2.333,9.0
2.667,12.0
2.667,12.0
1.667,6.0
1.333,5.0
0.333,2.0
1.0,4.0
0.667,3.0
1.333,5.0
2.667,12.0
3.0,15.0
2.0,7.0
3.0,15.0
2.333,9.0
0.667,3.0
0.333,2.0
0.667,3.0
0.667,3.0
0.333,2.0
0.0,0.0
0.333,2.0
0.333,2.0
0.667,3.0
1.333,5.0
0.667,3.0
0.333,2.0
2.667,12.0
3.667,22.0
3.333,18.0
3.333,18.0
3.333,18.0
3.0,15.0
2.667,12.0
4.333,32.0
3.667,22.0
5.667,67.0
4.0,27.0
4.0,27.0
3.0,15.0
2.0,7.0
2.0,7.0
5.667,67.0
3.667,22.0
2.333,9.0
0.667,3.0
1.0,4.0
0.0,0.0
0.333,2.0
0.667,3.0
0.333,2.0
0.333,2.0
1.333,5.0
1.667,6.0
2.333,9.0
2.333,9.0
0.667,3.0
0.333,2.0
2.0,7.0
2.0,7.0
2.667,12.0
2.0,7.0
2.333,9.0
2.333,9.0
1.333,5.0
2.333,9.0
1.333,5.0
1.667,6.0
2.667,12.0
2.0,7.0
1.333,5.0
1.667,6.0
2.333,9.0
3.333,18.0
1.667,6.0
3.0,15.0
0.333,2.0
0.333,2.0
2.0,7.0
3.667,22.0
4.0,27.0
1.333,5.0
2.333,9.0
2.333,9.0
1.0,4.0
1.667,6.0
2.0,7.0
1.0,4.0
2.333,9.0
1.333,5.0
2.0,7.0
3.667,22.0
3.667,22.0
3.0,15.0
3.333,18.0
2.333,9.0
3.0,15.0
3.333,18.0
0.333,2.0
0.667,3.0
1.667,6.0
3.0,15.0
4.667,39.0
6.667,111.0
4.667,39.0
6.333,94.0
7.0,132.0
7.333,154.0
8.0,207.0
6.333,94.0
4.0,27.0
2.333,9.0
3.667,22.0
4.667,39.0
4.333,32.0
3.0,15.0
2.0,7.0
3.667,22.0
3.667,22.0
2.667,12.0
2.333,9.0
2.667,12.0
2.333,9.0
2.667,12.0
2.667,12.0
1.667,6.0
0.667,3.0
0.667,3.0
1.0,4.0
2.667,12.0
1.667,6.0
0.333,2.0
0.333,2.0
0.333,2.0
0.333,2.0
0.333,2.0
0.667,3.0
1.0,4.0
1.0,4.0
1.333,5.0
0.333,2.0
0.333,2.0
0.667,3.0
1.667,6.0
1.0,4.0
0.667,3.0
1.0,4.0
2.0,7.0
0.667,3.0
0.667,3.0
0.667,3.0
1.667,6.0
1.333,5.0
1.333,5.0
1.667,6.0
3.0,15.0
2.333,9.0
2.333,9.0
3.0,15.0
2.667,12.0
3.667,22.0
5.0,48.0
2.667,12.0
4.0,27.0
4.333,32.0
3.333,18.0
3.333,18.0
2.333,9.0
2.333,9.0
3.0,15.0
4.0,27.0
2.0,7.0
1.0,4.0
1.667,6.0
3.333,18.0
3.333,18.0
3.667,22.0
2.667,12.0
3.667,22.0
3.667,22.0
3.667,22.0
2.667,12.0
3.333,18.0
2.333,9.0
0.667,3.0
2.0,7.0
3.333,18.0
3.333,18.0
1.333,5.0
1.333,5.0
1.667,6.0
2.667,12.0
3.0,15.0
3.667,22.0
3.0,15.0
3.667,22.0
3.667,22.0
2.333,9.0
2.333,9.0
2.0,7.0
1.333,5.0
2.667,12.0
3.0,15.0
3.0,15.0
2.0,7.0
1.667,6.0
2.0,7.0
3.0,15.0
3.333,18.0
2.667,12.0
2.0,7.0
1.333,5.0
1.333,5.0
1.0,4.0
2.333,9.0
2.0,7.0
1.0,4.0
3.0,15.0
2.0,7.0
3.0,15.0
2.667,12.0
1.667,6.0
1.667,6.0
1.667,6.0
1.0,4.0
1.333,5.0
2.0,7.0
1.0,4.0
2.0,7.0
1.667,6.0
1.0,4.0
0.667,3.0
1.333,5.0
0.333,2.0
2.0,7.0
3.0,15.0
1.0,4.0
0.667,3.0
1.0,4.0
1.0,4.0
1.333,5.0
1.333,5.0
2.0,7.0
2.667,12.0
3.333,18.0
3.333,18.0
3.0,15.0
2.667,12.0
2.667,12.0
1.333,5.0
1.333,5.0
0.333,2.0
1.0,4.0
2.333,9.0
0.667,3.0
1.0,4.0
1.333,5.0
1.667,6.0
0.333,2.0
0.0,0.0
0.0,0.0
1.0,4.0
0.333,2.0
1.333,5.0
1.0,4.0
0.333,2.0
1.0,4.0
2.333,9.0
1.667,6.0
0.333,2.0
0.333,2.0
0.667,3.0
2.0,7.0
1.667,6.0
2.0,7.0
1.333,5.0
0.0,0.0
1.333,5.0
2.0,7.0
2.333,9.0
2.0,7.0
0.667,3.0
2.0,7.0
2.333,9.0
1.333,5.0
2.333,9.0
1.667,6.0
2.0,7.0
1.667,6.0
1.333,5.0
2.0,7.0
0.667,3.0
0.667,3.0
1.667,6.0
1.0,4.0
1.0,4.0
0.333,2.0
1.0,4.0
1.0,4.0
1.333,5.0
1.0,4.0
1.333,5.0
1.333,5.0
1.0,4.0
1.667,6.0
0.333,2.0
1.333,5.0
0.333,2.0
1.0,4.0
0.333,2.0
0.333,2.0
3.667,22.0
4.667,39.0
3.667,22.0
2.667,12.0
2.667,12.0
1.0,4.0
1.0,4.0
3.333,18.0
3.667,22.0
2.333,9.0
1.0,4.0
0.667,3.0
0.333,2.0
0.667,3.0
0.667,3.0
0.667,3.0
1.333,5.0
2.333,9.0
1.0,4.0
1.667,6.0
2.0,7.0
1.333,5.0
1.0,4.0
1.667,6.0
1.667,6.0
2.333,9.0
3.333,18.0
3.0,15.0
2.333,9.0
2.333,9.0
1.333,5.0
0.333,2.0
0.333,2.0
1.667,6.0
1.333,5.0
2.333,9.0
2.333,9.0
1.667,6.0
1.333,5.0
3.333,18.0
4.667,39.0
5.333,56.0
8.333,236.0
7.333,154.0
6.667,111.0
8.0,207.0
7.0,132.0
5.667,67.0
3.667,22.0
3.0,15.0
2.333,9.0
3.0,15.0
1.333,5.0
0.333,2.0
0.333,2.0
1.0,4.0
2.667,12.0
2.667,12.0
3.333,18.0
2.333,9.0
2.667,12.0
3.333,18.0
2.0,7.0
2.333,9.0
3.333,18.0
3.0,15.0
3.333,18.0
3.0,15.0
4.333,32.0
4.0,27.0
3.333,18.0
3.667,22.0
3.333,18.0
3.667,22.0
2.667,12.0
3.0,15.0
3.333,18.0
4.0,27.0
2.667,12.0
2.667,12.0
3.333,18.0
4.0,27.0
3.0,15.0
3.333,18.0
3.333,18.0
3.333,18.0
3.333,18.0
4.0,27.0
4.0,27.0
3.667,22.0
3.333,18.0
2.333,9.0
3.0,15.0
3.0,15.0
3.0,15.0
1.333,5.0
1.667,6.0
1.667,6.0
0.667,3.0
1.333,5.0
2.667,12.0
1.333,5.0
2.0,7.0
1.333,5.0
1.333,5.0
2.333,9.0
2.667,12.0
3.333,18.0
3.333,18.0
2.667,12.0
1.667,6.0
2.667,12.0
1.0,4.0
1.0,4.0
1.667,6.0
0.667,3.0
0.0,0.0
0.0,0.0
0.333,2.0
0.333,2.0
1.0,4.0
1.0,4.0
0.667,3.0
2.0,7.0
1.333,5.0
1.333,5.0
1.667,6.0
0.667,3.0
0.667,3.0
2.0,7.0
1.0,4.0
2.333,9.0
1.667,6.0
0.667,3.0
0.667,3.0
0.667,3.0
0.333,2.0
0.333,2.0
0.667,3.0
0.667,3.0
4.333,32.0
6.0,80.0
3.333,18.0
4.667,39.0
4.333,32.0
2.667,12.0
3.0,15.0
2.0,7.0
1.0,4.0
1.667,6.0
2.0,7.0
1.333,5.0
2.333,9.0
4.0,27.0
2.0,7.0
2.667,12.0
4.333,32.0
1.667,6.0
1.333,5.0
1.0,4.0
3.667,22.0
3.333,18.0
2.333,9.0
3.667,22.0
3.667,22.0
2.667,12.0
1.0,4.0
1.333,5.0
2.333,9.0
2.0,7.0
1.667,6.0
4.333,32.0
3.667,22.0
5.333,56.0
2.667,12.0
4.0,27.0
4.667,39.0
3.333,18.0
2.0,7.0
2.667,12.0
2.667,12.0
2.667,12.0
2.0,7.0
1.667,6.0
1.333,5.0
1.667,6.0
2.0,7.0
2.333,9.0
2.333,9.0
3.0,15.0
3.0,15.0
2.333,9.0
5.333,56.0
3.333,18.0
2.667,12.0
2.333,9.0
2.333,9.0
2.0,7.0
2.0,7.0
0.667,3.0
1.333,5.0
2.333,9.0
3.667,22.0
4.0,27.0
0.667,3.0
1.333,5.0
0.667,3.0
1.0,4.0
2.0,7.0
3.333,18.0
3.0,15.0
2.333,9.0
1.0,4.0
0.333,2.0
0.333,2.0
0.333,2.0
1.0,4.0
1.333,5.0
2.667,12.0
1.667,6.0
2.333,9.0
2.0,7.0
2.667,12.0
1.0,4.0
1.333,5.0
1.333,5.0
1.667,6.0
1.333,5.0
1.0,4.0
0.667,3.0
0.333,2.0
0.667,3.0
0.667,3.0
0.667,3.0
0.667,3.0
0.333,2.0
0.667,3.0
0.333,2.0
0.333,2.0
0.333,2.0
0.333,2.0
0.0,0.0
0.333,2.0
0.0,0.0
0.333,2.0
0.333,2.0
0.333,2.0
0.667,3.0
1.0,4.0
1.667,6.0
3.0,15.0
4.0,27.0
5.667,67.0
5.0,48.0
4.667,39.0
4.667,39.0
2.667,12.0
3.333,18.0
3.0,15.0
3.333,18.0
2.667,12.0
2.0,7.0
1.333,5.0
1.333,5.0
3.0,15.0
4.0,27.0
5.667,67.0
5.667,67.0
4.667,39.0
3.333,18.0
2.667,12.0
2.667,12.0
2.333,9.0
3.333,18.0
4.0,27.0
4.0,27.0
2.667,12.0
3.0,15.0
2.667,12.0
2.0,7.0
0.667,3.0
1.0,4.0
3.333,18.0
3.667,22.0
2.0,7.0
2.333,9.0
1.333,5.0
2.0,7.0
2.667,12.0
2.333,9.0
3.0,15.0
2.667,12.0
3.0,15.0
2.667,12.0
3.0,15.0
2.667,12.0
2.0,7.0
1.333,5.0
3.0,15.0
1.667,6.0
1.667,6.0
1.667,6.0
1.333,5.0
1.0,4.0
1.0,4.0
1.0,4.0
1.333,5.0
1.667,6.0
0.667,3.0
1.0,4.0
0.667,3.0
0.667,3.0
0.333,2.0
0.333,2.0
1.0,4.0
2.0,7.0
2.667,12.0
3.0,15.0
2.0,7.0
2.0,7.0
3.0,15.0
1.333,5.0
1.667,6.0
1.667,6.0
0.667,3.0
0.333,2.0
0.333,2.0
0.667,3.0
0.667,3.0
1.0,4.0
1.0,4.0
1.333,5.0
0.667,3.0
0.333,2.0
0.667,3.0
1.0,4.0
0.667,3.0
1.0,4.0
1.333,5.0
2.0,7.0
2.333,9.0
1.333,5.0
2.333,9.0
1.667,6.0
2.333,9.0
2.667,12.0
2.333,9.0
3.0,15.0
3.667,22.0
2.333,9.0
3.667,22.0
2.0,7.0
3.0,15.0
2.333,9.0
2.333,9.0
2.0,7.0
2.0,7.0
1.333,5.0
1.333,5.0
0.667,3.0
0.667,3.0
0.667,3.0
1.0,4.0
1.667,6.0
1.0,4.0
0.667,3.0
0.667,3.0
0.667,3.0
0.333,2.0
0.333,2.0
0.667,3.0
1.667,6.0
2.0,7.0
1.0,4.0
2.0,7.0
2.333,9.0
1.333,5.0
1.333,5.0
4.0,27.0
2.0,7.0
0.333,2.0
0.667,3.0
1.0,4.0
1.333,5.0
0.333,2.0
0.667,3.0
1.667,6.0
1.667,6.0
2.667,12.0
2.0,7.0
1.0,4.0
1.333,5.0
2.0,7.0
0.667,3.0
0.667,3.0
0.333,2.0
0.333,2.0
0.667,3.0
0.333,2.0
1.0,4.0
0.667,3.0
0.333,2.0
0.667,3.0
2.0,7.0
1.667,6.0
1.333,5.0
1.0,4.0
1.333,5.0
1.667,6.0
1.0,4.0
1.0,4.0
0.333,2.0
1.0,4.0
0.667,3.0
0.0,0.0
0.333,2.0
0.0,0.0
1.0,4.0
1.667,6.0
1.0,4.0
0.667,3.0
0.333,2.0
0.333,2.0
1.333,5.0
1.333,5.0
1.333,5.0
1.333,5.0
0.667,3.0
2.333,9.0
3.0,15.0
2.333,9.0
1.333,5.0
2.0,7.0
2.667,12.0
1.667,6.0
1.333,5.0
1.333,5.0
1.0,4.0
1.333,5.0
1.333,5.0
2.333,9.0
2.0,7.0
1.333,5.0
1.333,5.0
1.0,4.0
1.0,4.0
1.333,5.0
1.333,5.0
1.333,5.0
2.333,9.0
0.667,3.0
1.333,5.0
2.667,12.0
0.667,3.0
0.333,2.0
0.667,3.0
0.333,2.0
0.667,3.0
0.333,2.0
0.333,2.0
1.333,5.0
1.333,5.0
1.333,5.0
2.0,7.0
4.333,32.0
5.0,48.0
5.0,48.0
5.333,56.0
4.667,39.0
6.0,80.0
4.0,27.0
4.667,39.0
4.0,27.0
3.0,15.0
2.667,12.0
3.0,15.0
2.333,9.0
2.0,7.0
2.0,7.0
2.0,7.0
1.667,6.0
2.333,9.0
2.0,7.0
1.667,6.0
2.667,12.0
2.333,9.0
1.333,5.0
1.667,6.0
1.667,6.0
2.333,9.0
3.0,15.0
2.0,7.0
2.333,9.0
1.667,6.0
1.667,6.0
1.333,5.0
2.333,9.0
3.0,15.0
3.333,18.0
3.333,18.0
2.667,12.0
2.0,7.0
1.0,4.0
1.667,6.0
2.0,7.0
2.333,9.0
1.667,6.0
2.667,12.0
2.0,7.0
2.0,7.0
1.0,4.0
1.0,4.0
1.0,4.0
0.667,3.0
1.333,5.0
2.667,12.0
0.667,3.0
1.333,5.0
2.667,12.0
2.667,12.0
2.667,12.0
2.0,7.0
2.333,9.0
2.667,12.0
2.333,9.0
2.0,7.0
1.333,5.0
2.333,9.0
2.0,7.0
2.667,12.0
2.333,9.0
2.0,7.0
1.333,5.0
3.0,15.0
3.0,15.0
2.333,9.0
2.667,12.0
3.0,15.0
3.667,22.0
4.333,32.0
5.0,48.0
2.333,9.0
1.667,6.0
1.0,4.0
2.333,9.0
3.333,18.0
3.333,18.0
2.667,12.0
2.0,7.0
2.333,9.0
2.333,9.0
2.0,7.0
2.667,12.0
3.0,15.0
2.0,7.0
3.0,15.0
2.333,9.0
2.0,7.0
2.333,9.0
1.667,6.0
2.0,7.0
2.0,7.0
1.667,6.0
2.0,7.0
2.0,7.0
2.333,9.0
1.333,5.0
2.333,9.0
1.667,6.0
1.333,5.0
2.0,7.0
2.333,9.0
2.667,12.0
3.333,18.0
3.0,15.0
3.0,15.0
1.667,6.0
3.667,22.0
3.667,22.0
3.333,18.0
2.667,12.0
1.333,5.0
1.667,6.0
1.667,6.0
3.0,15.0
1.667,6.0
0.333,2.0
0.0,0.0
2.0,7.0
2.0,7.0
0.667,3.0
0.667,3.0
0.667,3.0
0.667,3.0
1.0,4.0
1.333,5.0
0.667,3.0
1.333,5.0
0.667,3.0
1.333,5.0
1.667,6.0
1.0,4.0
0.333,2.0
1.0,4.0
1.333,5.0
0.667,3.0
0.667,3.0
1.0,4.0
1.0,4.0
1.0,4.0
0.667,3.0
1.333,5.0
0.667,3.0
1.0,4.0
0.667,3.0
0.667,3.0
1.0,4.0
1.0,4.0
0.667,3.0
0.667,3.0
1.333,5.0
0.667,3.0
0.333,2.0
0.333,2.0
1.333,5.0
2.667,12.0
1.667,6.0
2.333,9.0
2.0,7.0
2.0,7.0
1.667,6.0
3.333,18.0
3.0,15.0
2.333,9.0
1.667,6.0
2.667,12.0
3.0,15.0
2.667,12.0
3.667,22.0
4.0,27.0
2.667,12.0
2.667,12.0
3.667,22.0
3.333,18.0
3.333,18.0
1.333,5.0
1.333,5.0
1.0,4.0
0.333,2.0
1.0,4.0
1.333,5.0
0.667,3.0
0.0,0.0
0.333,2.0
0.333,2.0
1.0,4.0
1.0,4.0
1.333,5.0
0.667,3.0
1.0,4.0
1.0,4.0
1.0,4.0
0.333,2.0
1.0,4.0
1.333,5.0
1.0,4.0
1.333,5.0
0.667,3.0
2.0,7.0
0.667,3.0
2.667,12.0
1.0,4.0
2.0,7.0
2.0,7.0
1.667,6.0
1.667,6.0
2.0,7.0
1.333,5.0
1.333,5.0
1.333,5.0
1.333,5.0
1.667,6.0
2.333,9.0
1.0,4.0
2.0,7.0
0.667,3.0
1.333,5.0
0.667,3.0
1.333,5.0
3.0,15.0
2.333,9.0
1.667,6.0
3.0,15.0
3.333,18.0
3.333,18.0
1.667,6.0
2.667,12.0
4.333,32.0
4.667,39.0
3.667,22.0
2.667,12.0
1.667,6.0
1.0,4.0
2.667,12.0
2.333,9.0
1.0,4.0
0.667,3.0
0.667,3.0
0.667,3.0
0.667,3.0
0.333,2.0
0.333,2.0
0.667,3.0
0.667,3.0
3.333,18.0
4.0,27.0
2.667,12.0
1.667,6.0
4.0,27.0
4.0,27.0
3.0,15.0
2.0,7.0
4.667,39.0
4.333,32.0
4.333,32.0
2.667,12.0
2.0,7.0
1.667,6.0
3.333,18.0
1.333,5.0
3.667,22.0
1.667,6.0
0.667,3.0
1.0,4.0
1.333,5.0
1.0,4.0
1.333,5.0
1.0,4.0
0.667,3.0
0.667,3.0
0.667,3.0
1.0,4.0
0.667,3.0
0.667,3.0
1.333,5.0
4.333,32.0
3.667,22.0
2.0,7.0
2.333,9.0
3.333,18.0
1.667,6.0
1.333,5.0
1.0,4.0
2.0,7.0
2.333,9.0
4.333,32.0
3.0,15.0
2.667,12.0
2.333,9.0
2.0,7.0
1.667,6.0
0.333,2.0
1.0,4.0
1.667,6.0
0.333,2.0
0.667,3.0
1.333,5.0
1.0,4.0
1.667,6.0
2.333,9.0
2.333,9.0
2.0,7.0
2.333,9.0
1.333,5.0
0.667,3.0
1.0,4.0
1.667,6.0
1.0,4.0
1.667,6.0
2.333,9.0
1.0,4.0
0.667,3.0
1.667,6.0
0.667,3.0
2.0,7.0
1.667,6.0
2.333,9.0
4.333,32.0
3.333,18.0
4.667,39.0
4.0,27.0
3.333,18.0
3.0,15.0
3.0,15.0
2.667,12.0
2.333,9.0
2.0,7.0
1.667,6.0
1.333,5.0
2.0,7.0
1.0,4.0
2.0,7.0
1.667,6.0
1.0,4.0
0.333,2.0
0.333,2.0
0.333,2.0
1.0,4.0
2.0,7.0
1.333,5.0
2.333,9.0
2.333,9.0
2.0,7.0
2.333,9.0
0.333,2.0
1.0,4.0
3.0,15.0
3.0,15.0
2.333,9.0
1.667,6.0
0.667,3.0
2.667,12.0
1.333,5.0
2.333,9.0
2.667,12.0
2.0,7.0
2.0,7.0
1.667,6.0
1.0,4.0
1.0,4.0
1.667,6.0
1.333,5.0
2.0,7.0
2.333,9.0
0.667,3.0
1.333,5.0
2.0,7.0
1.667,6.0
0.667,3.0
1.333,5.0
3.0,15.0
2.667,12.0
2.333,9.0
2.0,7.0
1.667,6.0
1.333,5.0
1.0,4.0
3.333,18.0
4.0,27.0
3.667,22.0
2.0,7.0
1.667,6.0
1.333,5.0
1.667,6.0
1.333,5.0
2.0,7.0
1.667,6.0
1.333,5.0
0.333,2.0
0.333,2.0
0.0,0.0
0.667,3.0
1.333,5.0
1.333,5.0
2.667,12.0
4.0,27.0
4.0,27.0
4.0,27.0
5.0,48.0
6.333,94.0
5.333,56.0
4.667,39.0
3.333,18.0
1.667,6.0
0.667,3.0
0.667,3.0
0.0,0.0
0.333,2.0
0.0,0.0
0.0,0.0
0.333,2.0
0.667,3.0
1.0,4.0
0.333,2.0
3.0,15.0
2.0,7.0
0.333,2.0
1.0,4.0
2.0,7.0
1.333,5.0
2.667,12.0
4.0,27.0
4.0,27.0
1.333,5.0
0.667,3.0
1.0,4.0
1.0,4.0
1.667,6.0
1.333,5.0
1.0,4.0
1.667,6.0
1.0,4.0
1.333,5.0
1.0,4.0
2.0,7.0
1.667,6.0
1.667,6.0
2.333,9.0
1.667,6.0
2.0,7.0
1.0,4.0
1.333,5.0
1.333,5.0
2.667,12.0
1.333,5.0
1.667,6.0
1.0,4.0
0.667,3.0
0.667,3.0
0.333,2.0
1.0,4.0
1.333,5.0
0.667,3.0
1.0,4.0
1.667,6.0
2.333,9.0
2.0,7.0
1.0,4.0
1.333,5.0
1.333,5.0
2.0,7.0
1.667,6.0
2.0,7.0
1.0,4.0
0.667,3.0
0.667,3.0
1.0,4.0
1.0,4.0
0.667,3.0
1.0,4.0
1.333,5.0
0.667,3.0
0.333,2.0
0.333,2.0
1.333,5.0
1.0,4.0
1.333,5.0
1.333,5.0
0.333,2.0
0.333,2.0
0.333,2.0
0.667,3.0
1.0,4.0
0.333,2.0
1.0,4.0
1.0,4.0
1.667,6.0
1.0,4.0
0.333,2.0
1.0,4.0
2.667,12.0
3.0,15.0
1.667,6.0
1.333,5.0
2.333,9.0
1.667,6.0
2.0,7.0
0.333,2.0
1.667,6.0
2.0,7.0
1.333,5.0
0.667,3.0
2.0,7.0
2.0,7.0
3.0,15.0
3.0,15.0
1.333,5.0
2.333,9.0
2.333,9.0
3.0,15.0
2.333,9.0
1.333,5.0
1.0,4.0
1.333,5.0
1.333,5.0
1.333,5.0
3.0,15.0
2.0,7.0
3.333,18.0
2.667,12.0
1.333,5.0
2.0,7.0
1.0,4.0
1.333,5.0
2.0,7.0
2.0,7.0
2.0,7.0
1.667,6.0
2.667,12.0
2.333,9.0
2.667,12.0
1.333,5.0
2.0,7.0
1.333,5.0
2.333,9.0
3.333,18.0
2.0,7.0
1.0,4.0
1.333,5.0
0.667,3.0
0.667,3.0
1.0,4.0
1.0,4.0
0.667,3.0
0.333,2.0
0.333,2.0
0.333,2.0
0.333,2.0
0.667,3.0
1.667,6.0
0.0,0.0
0.667,3.0
0.667,3.0
0.667,3.0
1.667,6.0
3.0,15.0
3.0,15.0
2.667,12.0
2.0,7.0
0.667,3.0
0.333,2.0
0.333,2.0
1.0,4.0
1.333,5.0
0.667,3.0
0.667,3.0
1.333,5.0
2.0,7.0
2.0,7.0
1.333,5.0
1.667,6.0
1.667,6.0
1.333,5.0
1.667,6.0
3.333,18.0
3.333,18.0
2.333,9.0
1.0,4.0
1.667,6.0
2.0,7.0
2.333,9.0
1.333,5.0
1.333,5.0
2.0,7.0
1.667,6.0
1.667,6.0
1.333,5.0
1.667,6.0
2.0,7.0
0.667,3.0
0.0,0.0
0.0,0.0
0.333,2.0
1.333,5.0
2.0,7.0
1.0,4.0
1.0,4.0
2.0,7.0
2.0,7.0
0.667,3.0
1.0,4.0
1.333,5.0
2.0,7.0
1.333,5.0
1.333,5.0
0.333,2.0
0.667,3.0
1.333,5.0
1.667,6.0
1.667,6.0
1.0,4.0
1.333,5.0
2.0,7.0
1.667,6.0
2.667,12.0
2.667,12.0
2.667,12.0
3.0,15.0
3.333,18.0
2.667,12.0
2.667,12.0
1.333,5.0
3.333,18.0
4.333,32.0
4.667,39.0
4.667,39.0
5.0,48.0
4.333,32.0
4.333,32.0
5.333,56.0
5.333,56.0
3.667,22.0
4.333,32.0
3.333,18.0
3.333,18.0
3.0,15.0
1.333,5.0
3.0,15.0
2.667,12.0
2.333,9.0
1.0,4.0
1.0,4.0
1.333,5.0
2.0,7.0
2.0,7.0
0.0,0.0
0.667,3.0
0.667,3.0
0.333,2.0
1.0,4.0
1.667,6.0
4.0,27.0
3.667,22.0
1.667,6.0
1.667,6.0
0.667,3.0
2.0,7.0
0.667,3.0
3.333,18.0
2.333,9.0
0.667,3.0
0.333,2.0
2.0,7.0
0.667,3.0
0.667,3.0
1.0,4.0
1.667,6.0
1.667,6.0
1.333,5.0
1.667,6.0
2.667,12.0
1.333,5.0
0.0,0.0
0.667,3.0
1.333,5.0
2.333,9.0
1.333,5.0
0.333,2.0
2.667,12.0
1.333,5.0
1.333,5.0
2.667,12.0
2.667,12.0
2.333,9.0
0.667,3.0
0.333,2.0
1.0,4.0
0.0,0.0
0.0,0.0
0.333,2.0
0.0,0.0
1.0,4.0
0.667,3.0
1.333,5.0
1.0,4.0
1.333,5.0
0.667,3.0
1.667,6.0
1.667,6.0
1.333,5.0
1.333,5.0
2.0,7.0
0.667,3.0
0.333,2.0
0.667,3.0
3.0,15.0
5.333,56.0
5.333,56.0
3.667,22.0
4.0,27.0
4.667,39.0
3.667,22.0
2.333,9.0
2.333,9.0
2.667,12.0
3.0,15.0
1.667,6.0
3.0,15.0
4.333,32.0
2.333,9.0
3.0,15.0
1.333,5.0
1.667,6.0
2.333,9.0
4.0,27.0
4.333,32.0
2.0,7.0
2.0,7.0
0.667,3.0
0.333,2.0
1.667,6.0
1.667,6.0
1.333,5.0
3.0,15.0
1.333,5.0
0.333,2.0
0.667,3.0
0.333,2.0
0.333,2.0
1.667,6.0
3.0,15.0
2.667,12.0
3.333,18.0
3.333,18.0
2.333,9.0
3.0,15.0
2.667,12.0
2.667,12.0
3.333,18.0
2.667,12.0
4.333,32.0
4.0,27.0
3.0,15.0
2.0,7.0
4.667,39.0
5.0,48.0
5.0,48.0
4.0,27.0
5.333,56.0
6.333,94.0
4.667,39.0
3.333,18.0
6.0,80.0
5.333,56.0
3.667,22.0
2.667,12.0
3.667,22.0
3.333,18.0
3.333,18.0
2.667,12.0
2.0,7.0
2.0,7.0
3.0,15.0
3.333,18.0
2.333,9.0
2.333,9.0
2.0,7.0
1.667,6.0
2.0,7.0
2.667,12.0
1.667,6.0
2.667,12.0
1.667,6.0
1.0,4.0
2.0,7.0
2.0,7.0
2.0,7.0
3.333,18.0
1.667,6.0
2.667,12.0
2.667,12.0
2.667,12.0
1.333,5.0
2.333,9.0
2.0,7.0
1.0,4.0
2.0,7.0
2.667,12.0
2.0,7.0
1.333,5.0
2.0,7.0
1.667,6.0
1.0,4.0
1.0,4.0
5.667,67.0
5.667,67.0
5.333,56.0
4.667,39.0
4.0,27.0
3.333,18.0
3.333,18.0
2.667,12.0
2.333,9.0
2.0,7.0
3.0,15.0
4.0,27.0
4.667,39.0
4.667,39.0
5.0,48.0
3.333,18.0
3.333,18.0
3.333,18.0
3.667,22.0
3.0,15.0
3.333,18.0
3.333,18.0
2.667,12.0
3.0,15.0
2.0,7.0
0.667,3.0
1.667,6.0
3.0,15.0
0.333,2.0
0.667,3.0
0.667,3.0
0.333,2.0
0.0,0.0
2.0,7.0
2.0,7.0
2.667,12.0
3.667,22.0
4.0,27.0
2.667,12.0
1.333,5.0
0.667,3.0
0.667,3.0
1.333,5.0
2.0,7.0
2.333,9.0
2.0,7.0
2.333,9.0
2.333,9.0
2.333,9.0
2.333,9.0
3.667,22.0
1.667,6.0
1.667,6.0
1.333,5.0
2.0,7.0
1.0,4.0
1.667,6.0
1.667,6.0
2.667,12.0
3.0,15.0
1.0,4.0
1.333,5.0
1.667,6.0
1.333,5.0
1.333,5.0
2.333,9.0
0.667,3.0
2.0,7.0
1.333,5.0
1.0,4.0
2.0,7.0
2.333,9.0
2.0,7.0
2.0,7.0
2.667,12.0
2.333,9.0
2.667,12.0
2.0,7.0
1.667,6.0
1.667,6.0
2.0,7.0
3.333,18.0
4.0,27.0
5.0,48.0
2.0,7.0
3.0,15.0
2.0,7.0
0.667,3.0
0.667,3.0
2.0,7.0
2.0,7.0
2.333,9.0
2.0,7.0
1.333,5.0
1.333,5.0
1.333,5.0
0.667,3.0
3.0,15.0
1.0,4.0
1.333,5.0
1.0,4.0
0.333,2.0
0.333,2.0
0.667,3.0
1.667,6.0
1.333,5.0
2.333,9.0
1.667,6.0
2.0,7.0
1.333,5.0
0.667,3.0
1.333,5.0
1.333,5.0
2.0,7.0
2.0,7.0
1.667,6.0
1.333,5.0
1.333,5.0
2.0,7.0
2.333,9.0
3.0,15.0
1.333,5.0
0.667,3.0
2.0,7.0
1.0,4.0
1.0,4.0
0.333,2.0
0.667,3.0
0.0,0.0
0.0,0.0
0.0,0.0
0.667,3.0
0.667,3.0
1.0,4.0
0.667,3.0
0.333,2.0
0.333,2.0
1.0,4.0
1.0,4.0
0.0,0.0
0.333,2.0
0.333,2.0
0.0,0.0
0.667,3.0
0.667,3.0
0.667,3.0
0.667,3.0
2.667,12.0
3.333,18.0
2.667,12.0
3.0,15.0
3.667,22.0
2.667,12.0
2.0,7.0
1.333,5.0
1.0,4.0
1.333,5.0
2.0,7.0
1.0,4.0
0.333,2.0
3.0,15.0
1.333,5.0
0.0,0.0
0.0,0.0
0.333,2.0
0.667,3.0
0.333,2.0
0.667,3.0
1.0,4.0
1.667,6.0
2.0,7.0
0.0,0.0
0.333,2.0
0.333,2.0
1.333,5.0
0.0,0.0
0.0,0.0
0.0,0.0
0.0,0.0
0.0,0.0
0.333,2.0
0.333,2.0
0.333,2.0
0.333,2.0
0.0,0.0
0.667,3.0
0.0,0.0
2.0,7.0
1.333,5.0
2.667,12.0
2.667,12.0
3.0,15.0
2.333,9.0
2.0,7.0
2.333,9.0
3.333,18.0
1.333,5.0
2.0,7.0
1.667,6.0
2.333,9.0
2.0,7.0
0.667,3.0
1.0,4.0
1.333,5.0
1.667,6.0
2.0,7.0
2.0,7.0
1.0,4.0
2.0,7.0
2.667,12.0
4.0,27.0
4.667,39.0
5.0,48.0
3.0,15.0
2.667,12.0
3.333,18.0
1.333,5.0
0.667,3.0
1.667,6.0
1.333,5.0
1.667,6.0
2.0,7.0
1.333,5.0
1.667,6.0
3.0,15.0
1.667,6.0
0.333,2.0
0.0,0.0
0.333,2.0
0.0,0.0
0.667,3.0
0.333,2.0
0.333,2.0
0.0,0.0
0.333,2.0
0.0,0.0
0.667,3.0
1.0,4.0
0.667,3.0
0.667,3.0
1.0,4.0
0.667,3.0
0.667,3.0
0.0,0.0
0.0,0.0
0.333,2.0
0.667,3.0
1.0,4.0
1.0,4.0
1.667,6.0
2.333,9.0
2.667,12.0
2.0,7.0
4.0,27.0
4.0,27.0
3.0,15.0
4.333,32.0
4.667,39.0
3.0,15.0
4.0,27.0
2.667,12.0
2.333,9.0
1.333,5.0
1.667,6.0
1.667,6.0
1.0,4.0
0.667,3.0
3.0,15.0
3.333,18.0
3.667,22.0
3.667,22.0
3.0,15.0
2.667,12.0
4.0,27.0
4.667,39.0
3.667,22.0
4.333,32.0
4.0,27.0
4.0,27.0
4.0,27.0
3.333,18.0
3.333,18.0
4.0,27.0
2.333,9.0
1.0,4.0
3.0,15.0
3.333,18.0
1.333,5.0
2.0,7.0
2.333,9.0
2.333,9.0
2.0,7.0
1.667,6.0
2.333,9.0
2.667,12.0
1.0,4.0
1.333,5.0
1.667,6.0
1.667,6.0
2.667,12.0
1.667,6.0
2.667,12.0
2.333,9.0
2.0,7.0
1.333,5.0
1.333,5.0
1.667,6.0
2.333,9.0
1.0,4.0
1.333,5.0
2.0,7.0
1.667,6.0
1.0,4.0
1.0,4.0
0.667,3.0
0.667,3.0
1.0,4.0
1.0,4.0
0.667,3.0
0.333,2.0
0.0,0.0
0.0,0.0
0.667,3.0
0.333,2.0
1.0,4.0
0.667,3.0
1.667,6.0
2.667,12.0
4.667,39.0
4.0,27.0
2.667,12.0
2.0,7.0
1.667,6.0
5.667,67.0
6.333,94.0
7.333,154.0
6.667,111.0
4.667,39.0
4.0,27.0
5.667,67.0
4.667,39.0
4.333,32.0
2.667,12.0
3.667,22.0
5.333,56.0
4.333,32.0
5.0,48.0
3.667,22.0
2.333,9.0
2.333,9.0
2.667,12.0
3.0,15.0
3.0,15.0
3.0,15.0
2.333,9.0
3.667,22.0
3.333,18.0
3.333,18.0
1.333,5.0
2.0,7.0
4.0,27.0
3.0,15.0
2.667,12.0
2.333,9.0
3.0,15.0
2.0,7.0
2.0,7.0
1.667,6.0
3.0,15.0
2.667,12.0
2.333,9.0
3.333,18.0
2.0,7.0
1.667,6.0
2.0,7.0
1.667,6.0
1.0,4.0
1.667,6.0
1.333,5.0
1.333,5.0
1.667,6.0
0.667,3.0
1.0,4.0
0.667,3.0
0.667,3.0
0.333,2.0
0.333,2.0
1.0,4.0
4.0,27.0
2.667,12.0
2.0,7.0
1.333,5.0
1.0,4.0
2.667,12.0
5.0,48.0
3.667,22.0
1.0,4.0
1.667,6.0
3.0,15.0
2.667,12.0
1.667,6.0
0.667,3.0
2.0,7.0
0.667,3.0
0.0,0.0
0.667,3.0
1.667,6.0
3.0,15.0
2.0,7.0
0.667,3.0
2.667,12.0
2.0,7.0
2.333,9.0
1.667,6.0
3.333,18.0
3.0,15.0
3.333,18.0
2.667,12.0
1.333,5.0
0.667,3.0
2.0,7.0
1.667,6.0
1.667,6.0
2.0,7.0
1.333,5.0
2.0,7.0
0.0,0.0
0.0,0.0
0.0,0.0
0.667,3.0
0.667,3.0
2.0,7.0
1.333,5.0
0.0,0.0
0.0,0.0
0.333,2.0
0.0,0.0
0.0,0.0
0.0,0.0
0.0,0.0
0.667,3.0
1.333,5.0
0.333,2.0
0.333,2.0
1.0,4.0
1.0,4.0
0.667,3.0
0.0,0.0
1.0,4.0
1.0,4.0
0.667,3.0
0.667,3.0
1.333,5.0
1.667,6.0
1.333,5.0
1.333,5.0
1.0,4.0
1.0,4.0
1.0,4.0
2.333,9.0
4.333,32.0
3.333,18.0
3.333,18.0
3.667,22.0
3.0,15.0
4.0,27.0
4.0,27.0
5.0,48.0
5.333,56.0
4.333,32.0
3.333,18.0
4.0,27.0
3.667,22.0
2.333,9.0
3.0,15.0
2.667,12.0
2.333,9.0
1.0,4.0
1.333,5.0
0.333,2.0
0.0,0.0
0.333,2.0
2.0,7.0
1.667,6.0
1.0,4.0
1.667,6.0
2.0,7.0
2.0,7.0
2.667,12.0
2.333,9.0
3.0,15.0
3.333,18.0
4.0,27.0
4.667,39.0
4.667,39.0
4.667,39.0
6.333,94.0
3.667,22.0
4.0,27.0
2.667,12.0
3.0,15.0
1.333,5.0
1.667,6.0
0.0,0.0
0.667,3.0
1.333,5.0
1.333,5.0
1.333,5.0
1.667,6.0
1.667,6.0
2.0,7.0
2.333,9.0
1.333,5.0
2.0,7.0
1.333,5.0
2.0,7.0
2.0,7.0
1.667,6.0
1.333,5.0
2.0,7.0
1.667,6.0
1.333,5.0
0.667,3.0
1.667,6.0
1.333,5.0
0.667,3.0
1.0,4.0
0.667,3.0
1.667,6.0
0.667,3.0
1.667,6.0
2.333,9.0
1.0,4.0
1.0,4.0
1.333,5.0
0.333,2.0
1.0,4.0
0.333,2.0
4.333,32.0
3.667,22.0
4.0,27.0
6.667,111.0
6.0,80.0
4.667,39.0
5.333,56.0
5.0,48.0
5.333,56.0
4.0,27.0
1.333,5.0
0.667,3.0
0.667,3.0
1.333,5.0
0.667,3.0
1.333,5.0
2.333,9.0
2.667,12.0
2.667,12.0
2.0,7.0
2.667,12.0
3.0,15.0
2.0,7.0
1.667,6.0
2.0,7.0
2.667,12.0
2.667,12.0
2.667,12.0
2.667,12.0
1.667,6.0
1.333,5.0
1.0,4.0
3.0,15.0
3.333,18.0
2.667,12.0
3.333,18.0
3.333,18.0
2.667,12.0
2.333,9.0
2.333,9.0
2.667,12.0
2.333,9.0
2.333,9.0
2.333,9.0
2.667,12.0
3.0,15.0
2.0,7.0
1.667,6.0
1.0,4.0
1.0,4.0
1.0,4.0
1.0,4.0
0.667,3.0
0.667,3.0
2.0,7.0
2.0,7.0
1.0,4.0
0.333,2.0
0.667,3.0
1.0,4.0
0.667,3.0
1.667,6.0
2.0,7.0
1.333,5.0
0.0,0.0
0.0,0.0
0.667,3.0
0.0,0.0
0.333,2.0
0.667,3.0
0.333,2.0
0.0,0.0
0.667,3.0
0.667,3.0
0.667,3.0
0.333,2.0
0.667,3.0
0.667,3.0
1.333,5.0
0.667,3.0
0.0,0.0
1.0,4.0
0.0,0.0
0.0,0.0
0.333,2.0
0.333,2.0
0.0,0.0
0.0,0.0
0.0,0.0
1.333,5.0
0.667,3.0
0.667,3.0
3.333,18.0
3.333,18.0
2.333,9.0
0.667,3.0
0.667,3.0
2.0,7.0
1.333,5.0
1.0,4.0
1.333,5.0
2.667,12.0
2.333,9.0
2.333,9.0
3.667,22.0
4.333,32.0
3.0,15.0
3.333,18.0
2.667,12.0
2.0,7.0
1.0,4.0
2.0,7.0
1.333,5.0
0.667,3.0
0.333,2.0
2.667,12.0
3.0,15.0
3.0,15.0
3.333,18.0
3.0,15.0
3.333,18.0
4.0,27.0
3.0,15.0
1.667,6.0
2.667,12.0
0.667,3.0
2.667,12.0
2.667,12.0
3.333,18.0
4.667,39.0
4.333,32.0
4.667,39.0
5.333,56.0
5.333,56.0
2.333,9.0
3.333,18.0
2.333,9.0
3.333,18.0
5.333,56.0
3.667,22.0
3.333,18.0
3.0,15.0
3.0,15.0
4.333,32.0
3.667,22.0
3.333,18.0
2.0,7.0
1.667,6.0
1.667,6.0
2.0,7.0
2.0,7.0
2.667,12.0
4.0,27.0
3.0,15.0
2.333,9.0
1.667,6.0
2.0,7.0
2.667,12.0
1.333,5.0
0.667,3.0
2.667,12.0
0.333,2.0
0.333,2.0
2.0,7.0
0.667,3.0
1.333,5.0
0.333,2.0
0.0,0.0
0.333,2.0
1.333,5.0
1.0,4.0
0.333,2.0
0.0,0.0
0.333,2.0
0.333,2.0
0.333,2.0
0.333,2.0
0.333,2.0
2.0,7.0
0.667,3.0
2.0,7.0
2.667,12.0
0.667,3.0
1.0,4.0
2.667,12.0
2.667,12.0
2.667,12.0
3.0,15.0
2.333,9.0
1.0,4.0
1.0,4.0
0.667,3.0
0.333,2.0
1.0,4.0
0.667,3.0
0.333,2.0
0.333,2.0
1.0,4.0
1.333,5.0
0.0,0.0
0.333,2.0
1.667,6.0
1.333,5.0
1.667,6.0
1.667,6.0
1.333,5.0
1.0,4.0
0.667,3.0
2.0,7.0
1.667,6.0
1.0,4.0
1.333,5.0
0.333,2.0
0.667,3.0
0.667,3.0
0.333,2.0
0.0,0.0
0.0,0.0
0.667,3.0
0.333,2.0
0.333,2.0
0.333,2.0
0.0,0.0
1.667,6.0
1.333,5.0
1.0,4.0
1.333,5.0
2.0,7.0
1.667,6.0
0.667,3.0
1.667,6.0
2.333,9.0
1.0,4.0
2.333,9.0
1.333,5.0
0.333,2.0
0.667,3.0
1.0,4.0
1.0,4.0
0.0,0.0
0.0,0.0
0.667,3.0
0.333,2.0
0.333,2.0
0.333,2.0
0.667,3.0
1.0,4.0
1.333,5.0
