1/1/2012 7:34,1/1/2012 7:40,UNLOAD_MAN
1/4/2012 7:22,1/4/2012 7:29,UNLOAD_MAN
1/5/2012 14:37,1/5/2012 14:42,UNLOAD_MAN
1/5/2012 14:47,1/5/2012 15:02,EAST_MAN
1/8/2012 7:07,1/8/2012 7:12,UNLOAD_MAN
1/9/2012 18:07,1/9/2012 19:11,NORTH_MAN
1/12/2012 6:51,1/12/2012 6:56,UNLOAD_MAN
1/12/2012 14:22,1/12/2012 14:24,UNLOAD_MAN
1/12/2012 14:29,1/12/2012 15:19,EAST_MAN
1/13/2012 1:45,1/13/2012 1:45,UNLOAD_MAN
1/13/2012 1:51,1/13/2012 2:30,WEST_MAN
1/16/2012 6:35,1/16/2012 6:42,UNLOAD_MAN
1/19/2012 6:23,1/19/2012 6:30,UNLOAD_MAN
1/19/2012 16:13,1/19/2012 16:14,UNLOAD_MAN
1/19/2012 16:19,1/19/2012 16:40,EAST_MAN
1/22/2012 18:10,1/22/2012 18:16,UNLOAD_MAN
1/23/2012 17:23,1/23/2012 18:27,NORTH_MAN
1/26/2012 5:56,1/26/2012 6:01,UNLOAD_MAN
1/26/2012 14:49,1/26/2012 14:51,UNLOAD_MAN
1/26/2012 14:55,1/26/2012 15:08,EAST_MAN
1/30/2012 5:40,1/30/2012 5:47,UNLOAD_MAN
2/2/2012 15:42,2/2/2012 15:48,UNLOAD_MAN
2/2/2012 15:52,2/2/2012 16:07,EAST_MAN
2/6/2012 5:13,2/6/2012 5:19,UNLOAD_MAN
2/9/2012 14:28,2/9/2012 14:35,UNLOAD_MAN
2/9/2012 14:40,2/9/2012 14:51,EAST_MAN
2/13/2012 4:45,2/13/2012 4:51,UNLOAD_MAN
2/13/2012 15:49,2/13/2012 16:54,NORTH_MAN
2/16/2012 14:11,2/16/2012 14:16,UNLOAD_MAN
2/16/2012 14:21,2/16/2012 15:27,EAST_MAN
2/17/2012 1:42,2/17/2012 1:43,UNLOAD_MAN
2/17/2012 1:48,2/17/2012 2:35,WEST_MAN
2/20/2012 16:16,2/20/2012 16:21,UNLOAD_MAN
2/23/2012 14:24,2/23/2012 14:28,UNLOAD_MAN
2/23/2012 14:33,2/23/2012 14:52,EAST_MAN
2/27/2012 3:50,2/27/2012 3:55,UNLOAD_MAN
2/27/2012 14:59,2/27/2012 15:55,NORTH_MAN
3/1/2012 14:53,3/1/2012 14:58,UNLOAD_MAN
3/1/2012 15:03,3/1/2012 15:18,EAST_MAN
3/5/2012 4:02,3/5/2012 4:07,UNLOAD_MAN
3/8/2012 14:58,3/8/2012 15:04,UNLOAD_MAN
3/8/2012 15:10,3/8/2012 15:28,EAST_MAN
3/12/2012 14:53,3/12/2012 14:59,UNLOAD_MAN
3/15/2012 1:43,3/15/2012 1:47,UNLOAD_MAN
3/15/2012 1:52,3/15/2012 2:40,WEST_MAN
3/15/2012 14:15,3/15/2012 14:17,UNLOAD_MAN
3/15/2012 14:22,3/15/2012 15:28,EAST_MAN
3/19/2012 2:27,3/19/2012 2:33,UNLOAD_MAN
3/19/2012 13:37,3/19/2012 14:32,NORTH_MAN
3/22/2012 14:47,3/22/2012 14:52,UNLOAD_MAN
3/22/2012 14:57,3/22/2012 15:13,EAST_MAN
3/26/2012 13:58,3/26/2012 14:04,UNLOAD_MAN
3/29/2012 15:30,3/29/2012 15:35,UNLOAD_MAN
3/29/2012 15:40,3/29/2012 15:55,EAST_MAN
4/2/2012 1:32,4/2/2012 1:38,UNLOAD_MAN
4/5/2012 1:46,4/5/2012 1:51,UNLOAD_MAN
4/5/2012 1:57,4/5/2012 2:33,WEST_MAN
4/5/2012 14:21,4/5/2012 14:23,UNLOAD_MAN
4/5/2012 14:28,4/5/2012 15:21,EAST_MAN
4/9/2012 1:05,4/9/2012 1:11,UNLOAD_MAN
4/12/2012 12:51,4/12/2012 12:57,UNLOAD_MAN
4/12/2012 15:39,4/12/2012 15:41,UNLOAD_MAN
4/12/2012 15:46,4/12/2012 16:02,EAST_MAN
4/15/2012 12:39,4/15/2012 12:45,UNLOAD_MAN
4/16/2012 23:40,4/17/2012 0:45,SOUTH_MAN
4/19/2012 14:49,4/19/2012 14:56,UNLOAD_MAN
4/19/2012 15:00,4/19/2012 15:14,EAST_MAN
4/22/2012 12:12,4/22/2012 12:18,UNLOAD_MAN
4/25/2012 12:00,4/25/2012 12:07,UNLOAD_MAN
4/26/2012 14:00,4/26/2012 14:03,UNLOAD_MAN
4/26/2012 14:08,4/26/2012 14:21,EAST_MAN
4/29/2012 11:44,4/29/2012 11:50,UNLOAD_MAN
5/2/2012 11:32,5/2/2012 11:40,UNLOAD_MAN
5/3/2012 13:17,5/3/2012 13:19,UNLOAD_MAN
5/3/2012 13:25,5/3/2012 14:08,EAST_MAN
5/4/2012 0:44,5/4/2012 0:46,UNLOAD_MAN
5/4/2012 0:51,5/4/2012 1:16,WEST_MAN
5/6/2012 23:15,5/6/2012 23:21,UNLOAD_MAN
5/7/2012 22:23,5/7/2012 23:18,SOUTH_MAN
5/10/2012 15:15,5/10/2012 15:23,UNLOAD_MAN
5/10/2012 15:28,5/10/2012 15:43,EAST_MAN
5/13/2012 10:49,5/13/2012 10:56,UNLOAD_MAN
5/15/2012 23:01,5/15/2012 23:08,UNLOAD_MAN
5/17/2012 14:56,5/17/2012 15:02,UNLOAD_MAN
5/17/2012 15:05,5/17/2012 15:21,EAST_MAN
5/20/2012 10:22,5/20/2012 10:28,UNLOAD_MAN
5/21/2012 21:28,5/21/2012 22:23,SOUTH_MAN
5/24/2012 10:39,5/24/2012 10:44,UNLOAD_MAN
5/24/2012 13:54,5/24/2012 14:52,EAST_MAN
5/25/2012 1:09,5/25/2012 1:12,UNLOAD_MAN
5/25/2012 1:16,5/25/2012 2:03,WEST_MAN
5/27/2012 21:52,5/27/2012 21:59,UNLOAD_MAN
5/30/2012 9:42,5/30/2012 9:48,UNLOAD_MAN
5/31/2012 14:35,5/31/2012 14:40,UNLOAD_MAN
5/31/2012 14:45,5/31/2012 15:05,EAST_MAN
6/3/2012 9:27,6/3/2012 9:33,UNLOAD_MAN
6/5/2012 21:17,6/5/2012 21:23,UNLOAD_MAN
6/7/2012 15:26,6/7/2012 15:34,UNLOAD_MAN
6/7/2012 15:39,6/7/2012 15:54,EAST_MAN
6/10/2012 8:59,6/10/2012 9:05,UNLOAD_MAN
6/11/2012 20:01,6/11/2012 21:06,SOUTH_MAN
6/14/2012 8:43,6/14/2012 8:49,UNLOAD_MAN
6/14/2012 15:07,6/14/2012 15:08,UNLOAD_MAN
6/14/2012 15:13,6/14/2012 15:26,EAST_MAN
6/17/2012 8:32,6/17/2012 8:37,UNLOAD_MAN
6/19/2012 20:22,6/19/2012 20:29,UNLOAD_MAN
6/21/2012 14:29,6/21/2012 14:36,UNLOAD_MAN
6/21/2012 14:38,6/21/2012 14:51,EAST_MAN
6/24/2012 8:04,6/24/2012 8:11,UNLOAD_MAN
6/25/2012 19:11,6/25/2012 20:06,SOUTH_MAN
6/28/2012 7:48,6/28/2012 7:55,UNLOAD_MAN
6/28/2012 13:38,6/28/2012 13:39,UNLOAD_MAN
6/28/2012 13:44,6/28/2012 14:28,EAST_MAN
6/29/2012 1:01,6/29/2012 1:03,UNLOAD_MAN
6/29/2012 1:08,6/29/2012 1:36,WEST_MAN
7/1/2012 19:35,7/1/2012 19:43,UNLOAD_MAN
7/4/2012 7:25,7/4/2012 7:33,UNLOAD_MAN
7/5/2012 15:15,7/5/2012 15:22,UNLOAD_MAN
7/5/2012 15:27,7/5/2012 15:43,EAST_MAN
7/8/2012 7:09,7/8/2012 7:18,UNLOAD_MAN
7/9/2012 18:16,7/9/2012 19:11,SOUTH_MAN
7/12/2012 6:53,7/12/2012 7:02,UNLOAD_MAN
7/12/2012 15:14,7/12/2012 15:16,UNLOAD_MAN
7/12/2012 15:21,7/12/2012 15:32,EAST_MAN
7/15/2012 6:42,7/15/2012 6:52,UNLOAD_MAN
7/17/2012 18:32,7/17/2012 18:42,UNLOAD_MAN
7/19/2012 13:50,7/19/2012 13:56,UNLOAD_MAN
7/19/2012 14:02,7/19/2012 14:17,EAST_MAN
7/22/2012 6:14,7/22/2012 6:25,UNLOAD_MAN
7/23/2012 17:21,7/23/2012 18:16,SOUTH_MAN
7/26/2012 5:58,7/26/2012 6:09,UNLOAD_MAN
7/26/2012 14:15,7/26/2012 14:16,UNLOAD_MAN
7/26/2012 14:21,7/26/2012 14:34,EAST_MAN
7/29/2012 5:46,7/29/2012 5:58,UNLOAD_MAN
7/31/2012 17:37,7/31/2012 17:47,UNLOAD_MAN
8/2/2012 14:05,8/2/2012 14:11,UNLOAD_MAN
8/2/2012 14:17,8/2/2012 14:31,EAST_MAN
8/5/2012 5:19,8/5/2012 5:30,UNLOAD_MAN
8/6/2012 16:26,8/6/2012 17:21,SOUTH_MAN
8/9/2012 5:03,8/9/2012 5:14,UNLOAD_MAN
8/9/2012 14:15,8/9/2012 14:16,UNLOAD_MAN
8/9/2012 14:22,8/9/2012 14:38,EAST_MAN
8/12/2012 4:51,8/12/2012 5:02,UNLOAD_MAN
8/15/2012 4:40,8/15/2012 4:52,UNLOAD_MAN
8/16/2012 13:44,8/16/2012 13:48,UNLOAD_MAN
8/16/2012 13:53,8/16/2012 14:07,EAST_MAN
6/16/2012 6:16,8/16/2012 14:17,UNLOAD_MAN
8/20/2012 15:31,8/20/2012 16:27,SOUTH_MAN
8/23/2012 0:33,8/23/2012 0:38,UNLOAD_MAN
8/23/2012 0:45,8/23/2012 1:48,WEST_MAN
8/23/2012 13:07,8/23/2012 13:10,UNLOAD_MAN
8/23/2012 13:15,8/23/2012 14:37,EAST_MAN
8/26/2012 15:54,8/26/2012 16:04,UNLOAD_MAN
8/29/2012 15:43,8/29/2012 15:51,UNLOAD_MAN
8/30/2012 14:44,8/30/2012 14:46,UNLOAD_MAN
8/30/2012 14:51,8/30/2012 15:04,EAST_MAN
9/2/2012 15:27,9/2/2012 15:34,UNLOAD_MAN
9/6/2012 3:13,9/6/2012 3:22,UNLOAD_MAN
9/6/2012 14:44,9/6/2012 14:45,UNLOAD_MAN
9/6/2012 14:50,9/6/2012 15:06,EAST_MAN
9/10/2012 2:57,9/10/2012 3:04,UNLOAD_MAN
9/10/2012 14:08,9/10/2012 15:04,SOUTH_MAN
9/13/2012 14:08,9/13/2012 14:13,UNLOAD_MAN
9/13/2012 14:19,9/13/2012 14:33,EAST_MAN
9/17/2012 2:58,9/17/2012 3:03,UNLOAD_MAN
9/20/2012 13:26,9/20/2012 13:31,UNLOAD_MAN
9/20/2012 13:37,9/20/2012 14:32,EAST_MAN
9/21/2012 0:54,9/21/2012 0:56,UNLOAD_MAN
9/21/2012 1:01,9/21/2012 1:41,WEST_MAN
9/24/2012 14:00,9/24/2012 14:06,UNLOAD_MAN
9/27/2012 15:40,9/27/2012 15:45,UNLOAD_MAN
9/27/2012 15:50,9/27/2012 16:11,EAST_MAN
10/1/2012 13:33,10/1/2012 13:38,UNLOAD_MAN
10/4/2012 15:09,10/4/2012 15:14,UNLOAD_MAN
10/4/2012 15:20,10/4/2012 15:34,EAST_MAN
10/8/2012 1:07,10/8/2012 1:14,UNLOAD_MAN
10/9/2012 0:17,10/9/2012 1:12,NORTH_MAN
10/11/2012 14:31,10/11/2012 14:35,UNLOAD_MAN
10/11/2012 14:41,10/11/2012 14:54,EAST_MAN
10/15/2012 0:40,10/15/2012 0:48,UNLOAD_MAN
10/18/2012 0:32,10/18/2012 0:41,UNLOAD_MAN
10/18/2012 14:27,10/18/2012 14:29,UNLOAD_MAN
10/18/2012 14:33,10/18/2012 14:52,EAST_MAN
10/21/2012 12:14,10/21/2012 12:23,UNLOAD_MAN
10/24/2012 12:03,10/24/2012 12:13,UNLOAD_MAN
10/25/2012 1:23,10/25/2012 1:26,UNLOAD_MAN
10/25/2012 1:32,10/25/2012 2:16,WEST_MAN
10/25/2012 13:56,10/25/2012 13:59,UNLOAD_MAN
10/25/2012 14:03,10/25/2012 15:03,EAST_MAN
10/28/2012 11:47,10/28/2012 11:57,UNLOAD_MAN
10/31/2012 11:35,10/31/2012 11:46,UNLOAD_MAN
11/1/2012 13:56,11/1/2012 14:00,UNLOAD_MAN
11/1/2012 14:05,11/1/2012 14:21,EAST_MAN
11/4/2012 11:19,11/4/2012 11:30,UNLOAD_MAN
11/5/2012 22:27,11/5/2012 23:22,NORTH_MAN
11/8/2012 11:03,11/8/2012 11:13,UNLOAD_MAN
11/8/2012 14:47,11/8/2012 15:04,EAST_MAN
11/11/2012 10:52,11/11/2012 11:03,UNLOAD_MAN
11/14/2012 10:40,11/14/2012 10:51,UNLOAD_MAN
11/15/2012 14:20,11/15/2012 14:25,UNLOAD_MAN
11/15/2012 14:29,11/15/2012 14:41,EAST_MAN
11/18/2012 10:24,11/18/2012 10:35,UNLOAD_MAN
11/19/2012 21:28,11/19/2012 22:32,NORTH_MAN
11/21/2012 14:20,11/21/2012 14:28,UNLOAD_MAN
11/21/2012 14:33,11/21/2012 14:56,EAST_MAN
11/24/2012 10:01,11/24/2012 10:10,UNLOAD_MAN
11/27/2012 9:49,11/27/2012 9:59,UNLOAD_MAN
11/29/2012 14:11,11/29/2012 14:20,UNLOAD_MAN
11/29/2012 14:26,11/29/2012 14:37,EAST_MAN
12/2/2012 9:29,12/2/2012 9:38,UNLOAD_MAN
12/3/2012 20:38,12/3/2012 21:33,NORTH_MAN
12/6/2012 9:13,12/6/2012 9:21,UNLOAD_MAN
12/6/2012 14:00,12/6/2012 14:02,UNLOAD_MAN
12/6/2012 14:07,12/6/2012 15:01,EAST_MAN
12/7/2012 1:25,12/7/2012 1:26,UNLOAD_MAN
12/7/2012 1:31,12/7/2012 2:11,WEST_MAN
12/9/2012 9:02,12/9/2012 9:08,UNLOAD_MAN
12/11/2012 20:52,12/11/2012 20:57,UNLOAD_MAN
12/13/2012 13:16,12/13/2012 13:24,UNLOAD_MAN
12/13/2012 13:29,12/13/2012 13:48,EAST_MAN
12/16/2012 8:34,12/16/2012 8:40,UNLOAD_MAN
12/17/2012 19:38,12/17/2012 20:43,NORTH_MAN
12/20/2012 8:18,12/20/2012 8:24,UNLOAD_MAN
12/20/2012 11:16,12/20/2012 11:17,UNLOAD_MAN
12/20/2012 11:22,12/20/2012 11:38,EAST_MAN
12/23/2012 8:07,12/23/2012 8:14,UNLOAD_MAN
12/26/2012 7:55,12/26/2012 8:02,UNLOAD_MAN
12/27/2012 15:36,12/27/2012 15:41,UNLOAD_MAN
12/27/2012 15:46,12/27/2012 16:00,EAST_MAN
12/30/2012 7:39,12/30/2012 7:45,UNLOAD_MAN
1/1/2013 19:29,1/1/2013 19:36,UNLOAD_MAN
1/3/2013 15:20,1/3/2013 15:27,UNLOAD_MAN
1/3/2013 15:30,1/3/2013 15:46,EAST_MAN
1/6/2013 7:11,1/6/2013 7:18,UNLOAD_MAN
1/7/2013 18:16,1/7/2013 19:20,NORTH_MAN
1/10/2013 6:56,1/10/2013 7:02,UNLOAD_MAN
1/10/2013 14:47,1/10/2013 14:49,UNLOAD_MAN
1/10/2013 14:53,1/10/2013 15:07,EAST_MAN
1/13/2013 6:44,1/13/2013 6:50,UNLOAD_MAN
1/16/2013 6:32,1/16/2013 6:40,UNLOAD_MAN
1/18/2013 14:29,1/18/2013 14:37,UNLOAD_MAN
1/18/2013 14:42,1/18/2013 14:58,EAST_MAN
1/21/2013 18:10,1/21/2013 18:18,UNLOAD_MAN
1/24/2013 13:55,1/24/2013 14:04,UNLOAD_MAN
1/24/2013 14:09,1/24/2013 15:22,EAST_MAN
1/25/2013 1:27,1/25/2013 1:27,UNLOAD_MAN
1/25/2013 1:33,1/25/2013 2:34,WEST_MAN
1/28/2013 5:45,1/28/2013 5:52,UNLOAD_MAN
1/28/2013 16:54,1/28/2013 17:58,NORTH_MAN
1/31/2013 5:42,1/31/2013 5:48,UNLOAD_MAN
1/31/2013 15:40,1/31/2013 15:41,UNLOAD_MAN
1/31/2013 15:46,1/31/2013 16:04,EAST_MAN
2/4/2013 5:17,2/4/2013 5:25,UNLOAD_MAN
2/7/2013 14:54,2/7/2013 15:02,UNLOAD_MAN
2/7/2013 15:06,2/7/2013 15:22,EAST_MAN
2/11/2013 4:50,2/11/2013 4:56,UNLOAD_MAN
2/11/2013 15:59,2/11/2013 17:04,NORTH_MAN
2/14/2013 15:07,2/14/2013 15:12,UNLOAD_MAN
2/14/2013 15:17,2/14/2013 15:31,EAST_MAN
2/18/2013 4:22,2/18/2013 4:29,UNLOAD_MAN
2/22/2013 2:04,2/22/2013 2:06,UNLOAD_MAN
2/22/2013 2:10,2/22/2013 2:45,WEST_MAN
2/25/2013 15:09,2/25/2013 16:04,NORTH_MAN
2/28/2013 15:45,2/28/2013 15:50,UNLOAD_MAN
2/28/2013 15:55,2/28/2013 16:14,EAST_MAN
3/4/2013 3:30,3/4/2013 3:36,UNLOAD_MAN
3/7/2013 15:37,3/7/2013 15:43,UNLOAD_MAN
3/7/2013 15:49,3/7/2013 16:04,EAST_MAN
3/11/2013 3:09,3/11/2013 3:14,UNLOAD_MAN
3/14/2013 14:44,3/14/2013 14:50,UNLOAD_MAN
3/14/2013 14:56,3/14/2013 15:43,EAST_MAN
3/15/2013 2:15,3/15/2013 2:16,UNLOAD_MAN
3/15/2013 2:21,3/15/2013 2:54,WEST_MAN
3/19/2013 2:28,3/19/2013 2:34,UNLOAD_MAN
3/21/2013 15:06,3/21/2013 15:11,UNLOAD_MAN
3/21/2013 15:16,3/21/2013 15:34,EAST_MAN
3/25/2013 14:03,3/25/2013 14:10,UNLOAD_MAN
3/28/2013 15:36,3/28/2013 15:41,UNLOAD_MAN
3/28/2013 15:46,3/28/2013 15:59,EAST_MAN
4/2/2013 0:44,4/2/2013 1:50,SOUTH_MAN
4/4/2013 15:10,4/4/2013 15:15,UNLOAD_MAN
4/4/2013 15:20,4/4/2013 15:30,EAST_MAN
4/8/2013 1:10,4/8/2013 1:16,UNLOAD_MAN
4/11/2013 12:56,4/11/2013 13:02,UNLOAD_MAN
4/11/2013 14:24,4/11/2013 15:28,EAST_MAN
4/12/2013 1:43,4/12/2013 1:45,UNLOAD_MAN
4/12/2013 1:50,4/12/2013 2:37,WEST_MAN
4/15/2013 12:40,4/15/2013 12:47,UNLOAD_MAN
4/18/2013 12:28,4/18/2013 12:35,UNLOAD_MAN
4/18/2013 15:22,4/18/2013 15:24,UNLOAD_MAN
4/18/2013 15:28,4/18/2013 15:47,EAST_MAN
4/21/2013 12:17,4/21/2013 12:23,UNLOAD_MAN
4/22/2013 23:27,4/23/2013 0:23,SOUTH_MAN
4/25/2013 15:09,4/25/2013 15:16,UNLOAD_MAN
4/25/2013 15:21,4/25/2013 15:35,EAST_MAN
4/28/2013 11:49,4/28/2013 11:55,UNLOAD_MAN
5/1/2013 11:37,5/1/2013 11:45,UNLOAD_MAN
5/2/2013 14:52,5/2/2013 14:57,UNLOAD_MAN
5/2/2013 15:01,5/2/2013 15:16,EAST_MAN
5/5/2013 11:22,5/5/2013 11:29,UNLOAD_MAN
5/6/2013 22:43,5/6/2013 23:19,SOUTH_MAN
5/9/2013 11:06,5/9/2013 11:13,UNLOAD_MAN
5/9/2013 14:09,5/9/2013 14:10,UNLOAD_MAN
5/9/2013 14:15,5/9/2013 15:12,EAST_MAN
5/10/2013 1:34,5/10/2013 1:36,UNLOAD_MAN
5/10/2013 1:41,5/10/2013 2:22,WEST_MAN
5/12/2013 22:52,5/12/2013 22:59,UNLOAD_MAN
5/15/2013 10:42,5/15/2013 10:48,UNLOAD_MAN
5/16/2013 14:58,5/16/2013 15:03,UNLOAD_MAN
5/16/2013 15:07,5/16/2013 15:24,EAST_MAN
5/19/2013 10:27,5/19/2013 10:33,UNLOAD_MAN
5/20/2013 21:38,5/20/2013 22:33,SOUTH_MAN
5/23/2013 10:24,5/23/2013 10:30,UNLOAD_MAN
5/23/2013 14:49,5/23/2013 14:51,UNLOAD_MAN
5/23/2013 14:56,5/23/2013 15:10,EAST_MAN
5/26/2013 9:59,5/26/2013 10:06,UNLOAD_MAN
5/28/2013 21:49,5/28/2013 21:56,UNLOAD_MAN
5/30/2013 14:42,5/30/2013 14:49,UNLOAD_MAN
5/30/2013 14:54,5/30/2013 15:09,EAST_MAN
6/2/2013 9:32,6/2/2013 9:38,UNLOAD_MAN
6/4/2013 21:22,6/4/2013 21:28,UNLOAD_MAN
6/6/2013 14:29,6/6/2013 14:37,UNLOAD_MAN
6/6/2013 14:41,6/6/2013 14:56,EAST_MAN
6/9/2013 9:04,6/9/2013 9:10,UNLOAD_MAN
6/10/2013 20:11,6/10/2013 21:16,SOUTH_MAN
6/13/2013 8:48,6/13/2013 8:55,UNLOAD_MAN
6/13/2013 13:54,6/13/2013 13:56,UNLOAD_MAN
6/13/2013 14:01,6/13/2013 15:01,EAST_MAN
6/14/2013 1:18,6/14/2013 1:20,UNLOAD_MAN
6/14/2013 1:24,6/14/2013 2:13,WEST_MAN
6/16/2013 8:36,6/16/2013 8:41,UNLOAD_MAN
6/18/2013 20:27,6/18/2013 20:34,UNLOAD_MAN
6/20/2013 14:35,6/20/2013 14:43,UNLOAD_MAN
6/20/2013 14:49,6/20/2013 15:06,EAST_MAN
6/23/2013 8:09,6/23/2013 8:16,UNLOAD_MAN
6/24/2013 19:16,6/24/2013 20:21,SOUTH_MAN
6/27/2013 7:53,6/27/2013 8:00,UNLOAD_MAN
6/27/2013 15:34,6/27/2013 15:37,UNLOAD_MAN
6/27/2013 15:41,6/27/2013 15:55,EAST_MAN
6/30/2013 7:41,6/30/2013 7:50,UNLOAD_MAN
7/2/2013 19:32,7/2/2013 19:41,UNLOAD_MAN
7/4/2013 15:01,7/4/2013 15:10,UNLOAD_MAN
7/4/2013 15:15,7/4/2013 15:29,EAST_MAN
7/7/2013 7:14,7/7/2013 7:23,UNLOAD_MAN
7/8/2013 18:27,7/8/2013 19:22,SOUTH_MAN
7/11/2013 6:58,7/11/2013 7:07,UNLOAD_MAN
7/11/2013 14:47,7/11/2013 14:50,UNLOAD_MAN
7/11/2013 14:55,7/11/2013 15:06,EAST_MAN
7/14/2013 6:46,7/14/2013 6:57,UNLOAD_MAN
7/16/2013 18:37,7/16/2013 18:48,UNLOAD_MAN
7/18/2013 13:48,7/18/2013 13:55,UNLOAD_MAN
7/18/2013 14:00,7/18/2013 15:01,EAST_MAN
7/19/2013 1:20,7/19/2013 1:21,UNLOAD_MAN
7/19/2013 1:26,7/19/2013 2:11,WEST_MAN
7/21/2013 18:17,7/21/2013 18:29,UNLOAD_MAN
7/22/2013 17:32,7/22/2013 18:27,SOUTH_MAN
7/25/2013 6:03,7/25/2013 6:14,UNLOAD_MAN
7/25/2013 16:38,7/25/2013 16:40,UNLOAD_MAN
7/25/2013 16:46,7/25/2013 16:59,EAST_MAN
7/28/2013 5:51,7/28/2013 6:02,UNLOAD_MAN
7/30/2013 17:42,7/30/2013 17:53,UNLOAD_MAN
8/1/2013 15:32,8/1/2013 15:41,UNLOAD_MAN
8/1/2013 15:46,8/1/2013 16:02,EAST_MAN
8/4/2013 5:24,8/4/2013 5:35,UNLOAD_MAN
8/5/2013 16:37,8/5/2013 17:32,SOUTH_MAN
8/8/2013 5:08,8/8/2013 5:19,UNLOAD_MAN
8/8/2013 14:54,8/8/2013 14:55,UNLOAD_MAN
8/8/2013 15:01,8/8/2013 15:14,EAST_MAN
8/11/2013 4:56,8/11/2013 5:09,UNLOAD_MAN
8/14/2013 4:45,8/14/2013 4:58,UNLOAD_MAN
8/15/2013 14:38,8/15/2013 14:44,UNLOAD_MAN
8/15/2013 14:50,8/15/2013 15:04,EAST_MAN
8/18/2013 4:29,8/18/2013 4:40,UNLOAD_MAN
8/21/2013 4:17,8/21/2013 4:30,UNLOAD_MAN
8/22/2013 14:56,8/22/2013 15:01,UNLOAD_MAN
8/22/2013 15:06,8/22/2013 15:27,EAST_MAN
8/25/2013 4:34,8/25/2013 4:45,UNLOAD_MAN
8/28/2013 3:50,8/28/2013 4:01,UNLOAD_MAN
8/29/2013 23:42,8/29/2013 23:46,UNLOAD_MAN
8/29/2013 23:52,8/30/2013 0:58,WEST_MAN
8/30/2013 12:13,8/30/2013 12:16,UNLOAD_MAN
8/30/2013 12:22,8/30/2013 13:44,EAST_MAN
9/2/2013 15:28,9/2/2013 15:36,UNLOAD_MAN
9/5/2013 18:18,9/5/2013 18:29,UNLOAD_MAN
9/5/2013 18:31,9/5/2013 18:41,EAST_MAN
9/9/2013 2:21,9/9/2013 3:17,NORTH_MAN
9/12/2013 14:49,9/12/2013 14:54,UNLOAD_MAN
9/12/2013 16:27,9/12/2013 16:28,UNLOAD_MAN
9/12/2013 16:34,9/12/2013 16:46,EAST_MAN
9/16/2013 2:35,9/16/2013 2:41,UNLOAD_MAN
9/19/2013 2:19,9/19/2013 2:24,UNLOAD_MAN
9/19/2013 2:29,9/19/2013 3:14,WEST_MAN
9/19/2013 14:52,9/19/2013 14:53,UNLOAD_MAN
9/19/2013 14:58,9/19/2013 16:00,EAST_MAN
9/23/2013 2:07,9/23/2013 2:14,UNLOAD_MAN
9/26/2013 13:53,9/26/2013 14:00,UNLOAD_MAN
9/26/2013 16:12,9/26/2013 16:13,UNLOAD_MAN
9/26/2013 16:28,9/26/2013 16:44,EAST_MAN
9/30/2013 1:40,9/30/2013 1:45,UNLOAD_MAN
10/3/2013 13:26,10/3/2013 13:31,UNLOAD_MAN
10/3/2013 15:39,10/3/2013 15:41,UNLOAD_MAN
10/3/2013 15:45,10/3/2013 16:04,EAST_MAN
10/7/2013 0:32,10/7/2013 1:27,NORTH_MAN
10/10/2013 1:50,10/10/2013 1:54,UNLOAD_MAN
10/10/2013 2:00,10/10/2013 2:52,WEST_MAN
10/10/2013 14:25,10/10/2013 14:27,UNLOAD_MAN
10/10/2013 14:31,10/10/2013 15:35,EAST_MAN
10/13/2013 12:47,10/13/2013 12:55,UNLOAD_MAN
10/16/2013 12:52,10/16/2013 13:01,UNLOAD_MAN
10/17/2013 14:49,10/17/2013 14:51,UNLOAD_MAN
10/17/2013 14:56,10/17/2013 15:12,EAST_MAN
10/20/2013 12:19,10/20/2013 12:29,UNLOAD_MAN
10/21/2013 23:39,10/22/2013 0:24,NORTH_MAN
10/24/2013 14:58,10/24/2013 15:04,UNLOAD_MAN
10/24/2013 15:09,10/24/2013 15:27,EAST_MAN
10/27/2013 11:52,10/27/2013 12:03,UNLOAD_MAN
10/30/2013 11:40,10/30/2013 11:52,UNLOAD_MAN
10/31/2013 14:39,10/31/2013 14:43,UNLOAD_MAN
10/31/2013 14:48,10/31/2013 14:57,EAST_MAN
11/3/2013 11:24,11/3/2013 11:36,UNLOAD_MAN
11/4/2013 22:39,11/4/2013 23:34,NORTH_MAN
11/7/2013 11:08,11/7/2013 11:19,UNLOAD_MAN
11/7/2013 13:58,11/7/2013 13:59,UNLOAD_MAN
11/7/2013 14:04,11/7/2013 15:01,EAST_MAN
11/8/2013 1:26,11/8/2013 1:28,UNLOAD_MAN
11/8/2013 1:33,11/8/2013 2:13,WEST_MAN
11/10/2013 10:57,11/10/2013 11:07,UNLOAD_MAN
11/13/2013 10:45,11/13/2013 10:57,UNLOAD_MAN
11/14/2013 14:48,11/14/2013 14:53,UNLOAD_MAN
11/14/2013 14:58,11/14/2013 15:21,EAST_MAN
11/17/2013 10:29,11/17/2013 10:41,UNLOAD_MAN
11/18/2013 21:44,11/18/2013 22:39,NORTH_MAN
11/21/2013 6:15,11/21/2013 6:21,UNLOAD_MAN
11/21/2013 14:49,11/21/2013 14:50,UNLOAD_MAN
11/21/2013 14:56,11/21/2013 15:08,EAST_MAN
11/24/2013 10:02,11/24/2013 10:12,UNLOAD_MAN
11/27/2013 9:50,11/27/2013 10:00,UNLOAD_MAN
11/28/2013 14:36,11/28/2013 14:42,UNLOAD_MAN
11/28/2013 14:46,11/28/2013 15:03,EAST_MAN
12/1/2013 9:34,12/1/2013 9:44,UNLOAD_MAN
12/2/2013 20:54,12/2/2013 21:40,NORTH_MAN
12/5/2013 9:18,12/5/2013 9:26,UNLOAD_MAN
12/5/2013 14:35,12/5/2013 14:37,UNLOAD_MAN
12/5/2013 14:41,12/5/2013 14:57,EAST_MAN
12/8/2013 9:06,12/8/2013 9:15,UNLOAD_MAN
12/10/2013 20:57,12/10/2013 21:02,UNLOAD_MAN
12/13/2013 8:47,12/13/2013 8:54,UNLOAD_MAN
12/14/2013 14:12,12/14/2013 14:19,UNLOAD_MAN
12/14/2013 14:24,12/14/2013 14:47,EAST_MAN
12/16/2013 19:56,12/16/2013 20:50,NORTH_MAN
12/19/2013 8:23,12/19/2013 8:29,UNLOAD_MAN
12/19/2013 14:20,12/19/2013 14:22,UNLOAD_MAN
12/19/2013 14:27,12/19/2013 14:32,EAST_MAN
12/22/2013 8:11,12/22/2013 8:18,UNLOAD_MAN
12/24/2013 20:02,12/24/2013 20:08,UNLOAD_MAN
12/26/2013 14:28,12/26/2013 14:36,UNLOAD_MAN
12/26/2013 14:39,12/26/2013 14:54,EAST_MAN
12/29/2013 7:44,12/29/2013 7:50,UNLOAD_MAN
1/2/2014 7:28,1/2/2014 7:34,UNLOAD_MAN
1/2/2014 13:38,1/2/2014 13:40,UNLOAD_MAN
1/2/2014 13:55,1/2/2014 14:58,EAST_MAN
1/3/2014 1:16,1/3/2014 1:18,UNLOAD_MAN
1/3/2014 1:23,1/3/2014 2:13,WEST_MAN
1/5/2014 19:14,1/5/2014 19:22,UNLOAD_MAN
1/8/2014 7:05,1/8/2014 7:11,UNLOAD_MAN
1/9/2014 15:15,1/9/2014 15:21,UNLOAD_MAN
1/9/2014 15:25,1/9/2014 15:47,EAST_MAN
1/12/2014 6:49,1/12/2014 6:55,UNLOAD_MAN
1/13/2014 18:01,1/13/2014 19:06,NORTH_MAN
1/16/2014 6:33,1/16/2014 6:39,UNLOAD_MAN
1/16/2014 15:00,1/16/2014 15:02,UNLOAD_MAN
1/16/2014 15:07,1/16/2014 15:17,EAST_MAN
1/19/2014 6:35,1/19/2014 6:41,UNLOAD_MAN
1/22/2014 6:10,1/22/2014 6:17,UNLOAD_MAN
1/23/2014 15:42,1/23/2014 15:46,UNLOAD_MAN
1/23/2014 15:51,1/23/2014 16:07,EAST_MAN
1/26/2014 17:52,1/26/2014 17:59,UNLOAD_MAN
1/27/2014 17:12,1/27/2014 18:06,NORTH_MAN
1/30/2014 14:49,1/30/2014 14:55,UNLOAD_MAN
1/30/2014 15:00,1/30/2014 15:14,EAST_MAN
2/3/2014 5:22,2/3/2014 5:30,UNLOAD_MAN
2/6/2014 14:35,2/6/2014 14:43,UNLOAD_MAN
2/6/2014 14:51,2/6/2014 15:06,EAST_MAN
2/10/2014 4:55,2/10/2014 5:02,UNLOAD_MAN
2/10/2014 16:17,2/10/2014 17:12,NORTH_MAN
2/13/2014 14:19,2/13/2014 14:25,UNLOAD_MAN
2/13/2014 14:29,2/13/2014 15:24,EAST_MAN
2/14/2014 1:52,2/14/2014 1:53,UNLOAD_MAN
2/14/2014 1:58,2/14/2014 2:38,WEST_MAN
2/17/2014 16:25,2/17/2014 16:32,UNLOAD_MAN
2/20/2014 15:45,2/20/2014 15:51,UNLOAD_MAN
2/20/2014 15:56,2/20/2014 16:14,EAST_MAN
2/24/2014 4:00,2/24/2014 4:06,UNLOAD_MAN
2/27/2014 14:51,2/27/2014 14:57,UNLOAD_MAN
2/27/2014 15:03,2/27/2014 15:18,EAST_MAN
3/3/2014 3:32,3/3/2014 3:38,UNLOAD_MAN
3/3/2014 14:55,3/3/2014 15:50,NORTH_MAN
3/6/2014 14:54,3/6/2014 14:59,UNLOAD_MAN
3/6/2014 15:04,3/6/2014 15:20,EAST_MAN
3/10/2014 3:05,3/10/2014 3:11,UNLOAD_MAN
3/13/2014 14:26,3/13/2014 14:32,UNLOAD_MAN
3/13/2014 14:38,3/13/2014 15:36,EAST_MAN
3/14/2014 2:00,3/14/2014 2:01,UNLOAD_MAN
3/14/2014 2:07,3/14/2014 2:49,WEST_MAN
3/18/2014 2:33,3/18/2014 2:40,UNLOAD_MAN
3/20/2014 15:33,3/20/2014 15:38,UNLOAD_MAN
3/20/2014 15:43,3/20/2014 16:01,EAST_MAN
3/24/2014 2:10,3/24/2014 2:16,UNLOAD_MAN
3/27/2014 13:56,3/27/2014 14:03,UNLOAD_MAN
3/27/2014 15:43,3/27/2014 15:45,UNLOAD_MAN
3/27/2014 15:49,3/27/2014 16:01,EAST_MAN
3/31/2014 1:07,3/31/2014 2:03,SOUTH_MAN
4/3/2014 13:32,4/3/2014 13:38,UNLOAD_MAN
4/3/2014 14:52,4/3/2014 15:51,EAST_MAN
4/4/2014 2:14,4/4/2014 2:16,UNLOAD_MAN
4/4/2014 2:21,4/4/2014 3:04,WEST_MAN
4/7/2014 13:13,4/7/2014 13:19,UNLOAD_MAN
4/10/2014 13:01,4/10/2014 13:08,UNLOAD_MAN
4/10/2014 14:50,4/10/2014 14:51,UNLOAD_MAN
4/10/2014 15:01,4/10/2014 15:19,EAST_MAN
4/13/2014 12:49,4/13/2014 12:55,UNLOAD_MAN
4/16/2014 12:37,4/16/2014 12:44,UNLOAD_MAN
4/17/2014 15:23,4/17/2014 15:27,UNLOAD_MAN
4/17/2014 15:30,4/17/2014 15:49,EAST_MAN
4/20/2014 12:22,4/20/2014 12:28,UNLOAD_MAN
4/21/2014 11:44,4/21/2014 12:39,NORTH_MAN
4/24/2014 15:15,4/24/2014 15:24,UNLOAD_MAN
4/24/2014 15:26,4/24/2014 15:43,EAST_MAN
4/27/2014 11:54,4/27/2014 12:01,UNLOAD_MAN
4/30/2014 11:42,4/30/2014 11:50,UNLOAD_MAN
5/1/2014 15:15,5/1/2014 15:19,UNLOAD_MAN
5/1/2014 15:24,5/1/2014 15:44,EAST_MAN
5/4/2014 11:27,5/4/2014 11:34,UNLOAD_MAN
5/7/2014 11:15,5/7/2014 11:23,UNLOAD_MAN
5/9/2014 1:48,5/9/2014 1:52,UNLOAD_MAN
5/9/2014 1:56,5/9/2014 2:39,WEST_MAN
5/9/2014 14:16,5/9/2014 14:18,UNLOAD_MAN
5/9/2014 14:23,5/9/2014 15:22,EAST_MAN
5/12/2014 10:27,5/12/2014 11:12,NORTH_MAN
5/15/2014 15:56,5/15/2014 16:06,UNLOAD_MAN
5/16/2014 15:53,5/16/2014 15:58,UNLOAD_MAN
5/16/2014 16:01,5/16/2014 16:18,EAST_MAN
5/19/2014 10:28,5/19/2014 10:34,UNLOAD_MAN
5/21/2014 22:18,5/21/2014 22:25,UNLOAD_MAN
5/22/2014 15:32,5/22/2014 15:35,UNLOAD_MAN
5/22/2014 15:50,5/22/2014 16:03,EAST_MAN
5/25/2014 10:04,5/25/2014 10:11,UNLOAD_MAN
5/27/2014 21:54,5/27/2014 22:01,UNLOAD_MAN
5/29/2014 14:58,5/29/2014 15:06,UNLOAD_MAN
5/29/2014 15:07,5/29/2014 15:25,EAST_MAN
6/1/2014 9:36,6/1/2014 9:44,UNLOAD_MAN
6/2/2014 9:00,6/2/2014 9:55,NORTH_MAN
6/5/2014 9:21,6/5/2014 9:28,UNLOAD_MAN
6/5/2014 15:09,6/5/2014 15:11,UNLOAD_MAN
6/5/2014 15:16,6/5/2014 15:32,EAST_MAN
6/8/2014 9:09,6/8/2014 9:16,UNLOAD_MAN
6/10/2014 20:59,6/10/2014 21:05,UNLOAD_MAN
6/12/2014 14:57,6/12/2014 15:05,UNLOAD_MAN
6/12/2014 15:06,6/12/2014 15:18,EAST_MAN
6/15/2014 8:41,6/15/2014 8:48,UNLOAD_MAN
6/16/2014 8:05,6/16/2014 9:00,NORTH_MAN
6/18/2014 20:28,6/18/2014 20:35,UNLOAD_MAN
6/19/2014 14:34,6/19/2014 14:38,UNLOAD_MAN
6/19/2014 14:46,6/19/2014 15:45,EAST_MAN
6/20/2014 2:10,6/20/2014 2:14,UNLOAD_MAN
6/20/2014 2:19,6/20/2014 2:58,WEST_MAN
6/22/2014 20:12,6/22/2014 20:20,UNLOAD_MAN
6/25/2014 8:02,6/25/2014 8:09,UNLOAD_MAN
6/26/2014 14:31,6/26/2014 14:37,UNLOAD_MAN
6/26/2014 14:42,6/26/2014 14:57,EAST_MAN
6/29/2014 7:46,6/29/2014 7:55,UNLOAD_MAN
6/30/2014 19:04,6/30/2014 20:09,SOUTH_MAN
7/3/2014 7:31,7/3/2014 7:39,UNLOAD_MAN
7/3/2014 14:55,7/3/2014 14:57,UNLOAD_MAN
7/3/2014 15:02,7/3/2014 15:17,EAST_MAN
7/6/2014 7:19,7/6/2014 7:29,UNLOAD_MAN
7/8/2014 19:09,7/8/2014 19:20,UNLOAD_MAN
7/10/2014 14:59,7/10/2014 15:08,UNLOAD_MAN
7/10/2014 15:13,7/10/2014 15:23,EAST_MAN
7/13/2014 6:51,7/13/2014 7:02,UNLOAD_MAN
7/14/2014 18:09,7/14/2014 19:14,SOUTH_MAN
7/17/2014 6:36,7/17/2014 6:46,UNLOAD_MAN
7/17/2014 14:40,7/17/2014 14:42,UNLOAD_MAN
7/17/2014 14:47,7/17/2014 15:00,EAST_MAN
7/20/2014 6:24,7/20/2014 6:36,UNLOAD_MAN
7/22/2014 18:14,7/22/2014 18:26,UNLOAD_MAN
7/24/2014 14:09,7/24/2014 14:16,UNLOAD_MAN
7/24/2014 14:22,7/24/2014 15:34,EAST_MAN
7/25/2014 1:44,7/25/2014 1:45,UNLOAD_MAN
7/25/2014 1:50,7/25/2014 2:47,WEST_MAN
7/27/2014 17:54,7/27/2014 18:06,UNLOAD_MAN
7/28/2014 5:22,7/28/2014 6:16,NORTH_MAN
7/30/2014 17:43,7/30/2014 17:54,UNLOAD_MAN
7/31/2014 15:06,7/31/2014 15:09,UNLOAD_MAN
7/31/2014 15:14,7/31/2014 15:29,EAST_MAN
8/3/2014 5:29,8/3/2014 5:41,UNLOAD_MAN
8/5/2014 17:19,8/5/2014 17:30,UNLOAD_MAN
8/7/2014 14:54,8/7/2014 15:01,UNLOAD_MAN
8/7/2014 15:07,8/7/2014 15:21,EAST_MAN
8/10/2014 5:01,8/10/2014 5:13,UNLOAD_MAN
8/13/2014 4:49,8/13/2014 5:03,UNLOAD_MAN
8/14/2014 15:29,8/14/2014 15:34,UNLOAD_MAN
8/14/2014 15:40,8/14/2014 15:54,EAST_MAN
8/17/2014 4:34,8/17/2014 4:45,UNLOAD_MAN
8/18/2014 3:59,8/18/2014 4:54,NORTH_MAN
8/21/2014 4:18,8/21/2014 4:31,UNLOAD_MAN
8/21/2014 15:04,8/21/2014 15:05,UNLOAD_MAN
8/21/2014 15:11,8/21/2014 15:20,EAST_MAN
8/24/2014 16:04,8/24/2014 16:16,UNLOAD_MAN
8/27/2014 15:52,8/27/2014 16:02,UNLOAD_MAN
8/28/2014 14:04,8/28/2014 14:07,UNLOAD_MAN
8/28/2014 14:11,8/28/2014 15:26,EAST_MAN
8/29/2014 1:35,8/29/2014 1:36,UNLOAD_MAN
8/29/2014 1:41,8/29/2014 2:38,WEST_MAN
9/1/2014 3:35,9/1/2014 3:45,UNLOAD_MAN
9/4/2014 3:23,9/4/2014 3:32,UNLOAD_MAN
9/4/2014 14:52,9/4/2014 14:53,UNLOAD_MAN
9/4/2014 14:58,9/4/2014 15:11,EAST_MAN
9/8/2014 2:37,9/8/2014 3:32,NORTH_MAN
9/11/2014 14:56,9/11/2014 15:02,UNLOAD_MAN
9/11/2014 15:07,9/11/2014 15:17,EAST_MAN
9/15/2014 2:40,9/15/2014 2:46,UNLOAD_MAN
9/18/2014 14:18,9/18/2014 14:24,UNLOAD_MAN
9/18/2014 14:30,9/18/2014 15:44,EAST_MAN
9/19/2014 1:53,9/19/2014 1:54,UNLOAD_MAN
9/19/2014 1:59,9/19/2014 2:56,WEST_MAN
9/22/2014 14:10,9/22/2014 14:17,UNLOAD_MAN
9/25/2014 14:11,9/25/2014 14:16,UNLOAD_MAN
9/25/2014 14:19,9/25/2014 14:37,EAST_MAN
9/29/2014 1:45,9/29/2014 1:50,UNLOAD_MAN
10/2/2014 14:24,10/2/2014 14:29,UNLOAD_MAN
10/2/2014 14:40,10/2/2014 14:54,EAST_MAN
10/6/2014 0:48,10/6/2014 1:43,NORTH_MAN
10/9/2014 13:03,10/9/2014 13:11,UNLOAD_MAN
10/9/2014 14:37,10/9/2014 14:38,UNLOAD_MAN
10/9/2014 14:43,10/9/2014 14:57,EAST_MAN
10/13/2014 0:50,10/13/2014 0:59,UNLOAD_MAN
10/16/2014 0:38,10/16/2014 0:47,UNLOAD_MAN
10/16/2014 13:58,10/16/2014 14:00,UNLOAD_MAN
10/16/2014 14:15,10/16/2014 15:19,EAST_MAN
10/17/2014 1:38,10/17/2014 1:39,UNLOAD_MAN
10/17/2014 1:44,10/17/2014 2:32,WEST_MAN
10/20/2014 0:22,10/20/2014 0:32,UNLOAD_MAN
10/22/2014 12:12,10/22/2014 12:22,UNLOAD_MAN
10/23/2014 14:16,10/23/2014 14:20,UNLOAD_MAN
10/23/2014 14:24,10/23/2014 14:44,EAST_MAN
10/26/2014 11:57,10/26/2014 12:08,UNLOAD_MAN
10/27/2014 23:23,10/28/2014 0:18,NORTH_MAN
10/30/2014 11:41,10/30/2014 11:51,UNLOAD_MAN
10/30/2014 14:27,10/30/2014 14:29,UNLOAD_MAN
10/30/2014 14:34,10/30/2014 14:47,EAST_MAN
11/2/2014 11:29,11/2/2014 11:41,UNLOAD_MAN
11/5/2014 11:17,11/5/2014 11:30,UNLOAD_MAN
11/6/2014 14:06,11/6/2014 14:11,UNLOAD_MAN
11/6/2014 14:18,11/6/2014 14:36,EAST_MAN
11/9/2014 11:02,11/9/2014 11:14,UNLOAD_MAN
11/11/2014 22:52,11/11/2014 23:02,UNLOAD_MAN
11/13/2014 14:11,11/13/2014 14:18,UNLOAD_MAN
11/13/2014 14:23,11/13/2014 14:41,EAST_MAN
11/16/2014 10:34,11/16/2014 10:46,UNLOAD_MAN
11/16/2014 22:06,11/16/2014 23:00,NORTH_MAN
11/19/2014 10:22,11/19/2014 10:33,UNLOAD_MAN
11/21/2014 13:00,11/21/2014 13:10,UNLOAD_MAN
11/21/2014 13:17,11/21/2014 13:34,EAST_MAN
11/24/2014 10:03,11/24/2014 10:13,UNLOAD_MAN
11/26/2014 21:53,11/26/2014 22:01,UNLOAD_MAN
11/27/2014 0:00,11/27/2014 0:56,WEST_MAN
11/27/2014 12:19,11/27/2014 12:22,UNLOAD_MAN
11/27/2014 12:27,11/27/2014 13:38,EAST_MAN
11/30/2014 9:39,11/30/2014 9:49,UNLOAD_MAN
12/1/2014 21:11,12/1/2014 21:59,NORTH_MAN
12/4/2014 9:23,12/4/2014 9:32,UNLOAD_MAN
12/5/2014 15:12,12/5/2014 15:19,UNLOAD_MAN
12/5/2014 15:23,12/5/2014 15:40,EAST_MAN
12/8/2014 9:07,12/8/2014 9:16,UNLOAD_MAN
12/11/2014 15:21,12/11/2014 15:24,UNLOAD_MAN
12/11/2014 15:26,12/11/2014 15:38,EAST_MAN
12/14/2014 8:44,12/14/2014 8:51,UNLOAD_MAN
12/15/2014 20:15,12/15/2014 21:05,NORTH_MAN
12/18/2014 8:28,12/18/2014 8:34,UNLOAD_MAN
12/19/2014 1:02,12/19/2014 1:04,UNLOAD_MAN
12/19/2014 1:09,12/19/2014 1:44,WEST_MAN
12/21/2014 8:16,12/21/2014 8:22,UNLOAD_MAN
12/23/2014 20:07,12/23/2014 20:14,UNLOAD_MAN
12/25/2014 15:37,12/25/2014 15:44,UNLOAD_MAN
12/25/2014 15:48,12/25/2014 15:54,EAST_MAN
12/28/2014 7:49,12/28/2014 7:56,UNLOAD_MAN
12/29/2014 19:17,12/29/2014 20:14,NORTH_MAN
1/1/2015 7:33,1/1/2015 7:39,UNLOAD_MAN
1/1/2015 13:16,1/1/2015 13:18,UNLOAD_MAN
1/1/2015 13:23,1/1/2015 13:47,EAST_MAN
1/4/2015 7:21,1/4/2015 7:29,UNLOAD_MAN
1/7/2015 7:10,1/7/2015 7:18,UNLOAD_MAN
1/8/2015 14:15,1/8/2015 14:21,UNLOAD_MAN
1/8/2015 14:26,1/8/2015 14:37,EAST_MAN
1/11/2015 6:54,1/11/2015 7:01,UNLOAD_MAN
1/12/2015 18:21,1/12/2015 19:21,NORTH_MAN
1/15/2015 6:38,1/15/2015 6:44,UNLOAD_MAN
1/15/2015 15:38,1/15/2015 15:40,UNLOAD_MAN
1/15/2015 15:50,1/15/2015 16:05,EAST_MAN
1/18/2015 6:26,1/18/2015 6:32,UNLOAD_MAN
1/21/2015 6:15,1/21/2015 6:22,UNLOAD_MAN
1/22/2015 14:35,1/22/2015 14:40,UNLOAD_MAN
1/22/2015 14:45,1/22/2015 14:53,EAST_MAN
1/25/2015 17:33,1/25/2015 18:29,NORTH_MAN
1/28/2015 11:39,1/28/2015 11:48,UNLOAD_MAN
1/28/2015 11:55,1/28/2015 12:16,EAST_MAN
2/1/2015 5:31,2/1/2015 5:39,UNLOAD_MAN
2/6/2015 14:00,2/6/2015 14:04,UNLOAD_MAN
2/6/2015 14:09,2/6/2015 15:08,EAST_MAN
2/7/2015 1:30,2/7/2015 1:31,UNLOAD_MAN
2/7/2015 1:37,2/7/2015 2:24,WEST_MAN
2/9/2015 16:37,2/9/2015 17:27,NORTH_MAN
2/12/2015 14:18,2/12/2015 14:24,UNLOAD_MAN
2/12/2015 14:28,2/12/2015 14:48,EAST_MAN
2/16/2015 4:32,2/16/2015 4:39,UNLOAD_MAN
2/19/2015 16:18,2/19/2015 16:25,UNLOAD_MAN
2/20/2015 15:20,2/20/2015 15:23,UNLOAD_MAN
2/20/2015 15:27,2/20/2015 15:46,EAST_MAN
2/24/2015 4:01,2/24/2015 4:07,UNLOAD_MAN
2/26/2015 1:03,2/26/2015 1:06,UNLOAD_MAN
2/26/2015 1:12,2/26/2015 2:10,WEST_MAN
2/26/2015 13:31,2/26/2015 13:34,UNLOAD_MAN
2/26/2015 13:39,2/26/2015 14:52,EAST_MAN
3/2/2015 3:37,3/2/2015 3:44,UNLOAD_MAN
3/2/2015 15:11,3/2/2015 16:10,NORTH_MAN
3/5/2015 15:07,3/5/2015 15:13,UNLOAD_MAN
3/5/2015 15:19,3/5/2015 15:35,EAST_MAN
3/9/2015 3:10,3/9/2015 3:16,UNLOAD_MAN
3/12/2015 14:56,3/12/2015 15:02,UNLOAD_MAN
3/13/2015 15:06,3/13/2015 15:08,UNLOAD_MAN
3/13/2015 15:13,3/13/2015 15:34,EAST_MAN
3/17/2015 2:38,3/17/2015 2:45,UNLOAD_MAN
3/20/2015 14:25,3/20/2015 14:31,UNLOAD_MAN
3/24/2015 2:11,3/24/2015 2:18,UNLOAD_MAN
3/25/2015 14:52,3/25/2015 14:55,UNLOAD_MAN
3/25/2015 15:00,3/25/2015 15:27,EAST_MAN
3/29/2015 1:51,3/29/2015 1:58,UNLOAD_MAN
3/31/2015 1:22,3/31/2015 2:17,SOUTH_MAN
4/2/2015 1:16,4/2/2015 1:20,UNLOAD_MAN
4/2/2015 1:25,4/2/2015 2:20,WEST_MAN
4/2/2015 13:47,4/2/2015 13:49,UNLOAD_MAN
4/2/2015 13:54,4/2/2015 15:00,EAST_MAN
4/6/2015 1:20,4/6/2015 1:27,UNLOAD_MAN
4/9/2015 13:06,4/9/2015 13:13,UNLOAD_MAN
4/10/2015 15:30,4/10/2015 15:34,UNLOAD_MAN
4/10/2015 15:39,4/10/2015 15:56,EAST_MAN
4/13/2015 12:50,4/13/2015 12:56,UNLOAD_MAN
4/16/2015 12:38,4/16/2015 12:46,UNLOAD_MAN
4/16/2015 14:51,4/16/2015 14:52,UNLOAD_MAN
4/16/2015 14:57,4/16/2015 15:14,EAST_MAN
4/19/2015 12:27,4/19/2015 12:33,UNLOAD_MAN
4/21/2015 12:02,4/21/2015 12:49,NORTH_MAN
4/24/2015 14:42,4/24/2015 14:49,UNLOAD_MAN
4/24/2015 14:54,4/24/2015 15:14,EAST_MAN
4/27/2015 11:55,4/27/2015 12:02,UNLOAD_MAN
4/28/2015 11:43,4/28/2015 12:15,NORTH_MAN
4/30/2015 11:43,4/30/2015 11:51,UNLOAD_MAN
5/1/2015 0:57,5/1/2015 0:59,UNLOAD_MAN
5/1/2015 1:05,5/1/2015 1:38,WEST_MAN
5/1/2015 13:21,5/1/2015 13:24,UNLOAD_MAN
5/1/2015 13:29,5/1/2015 14:22,EAST_MAN
5/4/2015 11:28,5/4/2015 11:36,UNLOAD_MAN
5/7/2015 11:16,5/7/2015 11:24,UNLOAD_MAN
5/7/2015 15:26,5/7/2015 15:28,UNLOAD_MAN
5/7/2015 15:33,5/7/2015 15:44,EAST_MAN
5/10/2015 11:04,5/10/2015 11:12,UNLOAD_MAN
5/12/2015 10:43,5/12/2015 11:25,NORTH_MAN
5/15/2015 14:46,5/15/2015 14:57,UNLOAD_MAN
5/15/2015 15:02,5/15/2015 15:23,EAST_MAN
5/18/2015 10:32,5/18/2015 10:40,UNLOAD_MAN
5/20/2015 22:23,5/20/2015 22:30,UNLOAD_MAN
5/21/2015 14:43,5/21/2015 14:46,UNLOAD_MAN
5/21/2015 14:51,5/21/2015 15:03,EAST_MAN
5/24/2015 10:09,5/24/2015 10:17,UNLOAD_MAN
5/26/2015 21:59,5/26/2015 22:06,UNLOAD_MAN
5/28/2015 12:47,5/28/2015 12:52,UNLOAD_MAN
5/28/2015 12:57,5/28/2015 13:18,EAST_MAN
5/30/2015 21:43,5/30/2015 21:50,UNLOAD_MAN
6/2/2015 9:34,6/2/2015 9:40,UNLOAD_MAN
6/4/2015 13:10,6/4/2015 13:17,UNLOAD_MAN
6/4/2015 13:23,6/4/2015 14:12,EAST_MAN
6/5/2015 0:44,6/5/2015 0:46,UNLOAD_MAN
6/5/2015 0:50,6/5/2015 1:28,WEST_MAN
6/7/2015 9:14,6/7/2015 9:20,UNLOAD_MAN
6/9/2015 21:04,6/9/2015 21:11,UNLOAD_MAN
6/10/2015 8:40,6/10/2015 9:41,NORTH_MAN
6/12/2015 15:10,6/12/2015 15:23,UNLOAD_MAN
6/12/2015 15:27,6/12/2015 15:47,EAST_MAN
6/15/2015 8:42,6/15/2015 8:49,UNLOAD_MAN
6/17/2015 8:22,6/17/2015 9:06,NORTH_MAN
6/19/2015 14:08,6/19/2015 14:15,UNLOAD_MAN
6/20/2015 12:45,6/20/2015 12:47,UNLOAD_MAN
6/20/2015 12:50,6/20/2015 13:18,EAST_MAN
6/22/2015 20:13,6/22/2015 20:21,UNLOAD_MAN
6/25/2015 3:34,6/25/2015 3:46,UNLOAD_MAN
6/25/2015 3:52,6/25/2015 4:41,WEST_MAN
6/25/2015 12:28,6/25/2015 12:30,UNLOAD_MAN
6/25/2015 12:35,6/25/2015 13:41,EAST_MAN
6/27/2015 19:53,6/27/2015 20:02,UNLOAD_MAN
6/30/2015 7:43,6/30/2015 7:52,UNLOAD_MAN
7/2/2015 15:23,7/2/2015 15:36,UNLOAD_MAN
7/2/2015 15:42,7/2/2015 15:53,EAST_MAN
7/5/2015 7:24,7/5/2015 7:34,UNLOAD_MAN
7/6/2015 18:53,7/6/2015 20:02,SOUTH_MAN
7/9/2015 7:08,7/9/2015 7:18,UNLOAD_MAN
7/9/2015 15:06,7/9/2015 15:09,UNLOAD_MAN
7/9/2015 15:14,7/9/2015 15:26,EAST_MAN
7/12/2015 6:56,7/12/2015 7:08,UNLOAD_MAN
7/14/2015 18:46,7/14/2015 18:58,UNLOAD_MAN
7/16/2015 1:02,7/16/2015 1:06,UNLOAD_MAN
7/16/2015 1:11,7/16/2015 1:50,WEST_MAN
7/16/2015 13:25,7/16/2015 13:28,UNLOAD_MAN
7/16/2015 13:33,7/16/2015 14:36,EAST_MAN
7/19/2015 6:29,7/19/2015 6:41,UNLOAD_MAN
7/19/2015 18:08,7/19/2015 19:05,SOUTH_MAN
7/22/2015 6:17,7/22/2015 6:28,UNLOAD_MAN
7/24/2015 18:07,7/24/2015 18:19,UNLOAD_MAN
7/27/2015 5:57,7/27/2015 6:09,UNLOAD_MAN
7/29/2015 16:01,7/29/2015 16:13,UNLOAD_MAN
7/29/2015 16:20,7/29/2015 16:37,EAST_MAN
8/1/2015 5:38,8/1/2015 5:50,UNLOAD_MAN
8/3/2015 5:08,8/3/2015 6:12,NORTH_MAN
8/5/2015 17:20,8/5/2015 17:32,UNLOAD_MAN
8/6/2015 2:25,8/6/2015 2:27,UNLOAD_MAN
8/6/2015 2:31,8/6/2015 3:26,WEST_MAN
8/6/2015 14:48,8/6/2015 14:50,UNLOAD_MAN
8/6/2015 14:55,8/6/2015 16:09,EAST_MAN
8/9/2015 5:06,8/9/2015 5:19,UNLOAD_MAN
8/11/2015 16:56,8/11/2015 17:08,UNLOAD_MAN
8/13/2015 12:34,8/13/2015 12:39,UNLOAD_MAN
8/13/2015 12:44,8/13/2015 12:51,EAST_MAN
8/16/2015 4:39,8/16/2015 4:51,UNLOAD_MAN
8/19/2015 4:27,8/19/2015 4:41,UNLOAD_MAN
8/20/2015 13:56,8/20/2015 13:59,UNLOAD_MAN
8/20/2015 14:05,8/20/2015 14:21,EAST_MAN
8/23/2015 4:11,8/23/2015 4:23,UNLOAD_MAN
8/26/2015 3:59,8/26/2015 4:12,UNLOAD_MAN
8/27/2015 13:43,8/27/2015 13:46,UNLOAD_MAN
8/27/2015 13:51,8/27/2015 14:55,EAST_MAN
8/28/2015 1:11,8/28/2015 1:12,UNLOAD_MAN
8/28/2015 1:17,8/28/2015 2:14,WEST_MAN
8/31/2015 3:18,8/31/2015 4:06,NORTH_MAN
9/2/2015 14:57,9/2/2015 15:03,UNLOAD_MAN
9/2/2015 15:08,9/2/2015 15:31,EAST_MAN
9/5/2015 15:18,9/5/2015 15:26,UNLOAD_MAN
9/9/2015 3:04,9/9/2015 3:14,UNLOAD_MAN
9/10/2015 14:25,9/10/2015 14:28,UNLOAD_MAN
9/10/2015 14:33,9/10/2015 14:45,EAST_MAN
9/14/2015 2:29,9/14/2015 3:24,NORTH_MAN
9/17/2015 14:18,9/17/2015 14:24,UNLOAD_MAN
9/17/2015 14:30,9/17/2015 15:31,EAST_MAN
9/18/2015 1:51,9/18/2015 1:52,UNLOAD_MAN
9/18/2015 1:57,9/18/2015 2:49,WEST_MAN
9/21/2015 14:15,9/21/2015 14:22,UNLOAD_MAN
9/24/2015 15:19,9/24/2015 15:25,UNLOAD_MAN
9/24/2015 15:30,9/24/2015 15:49,EAST_MAN
9/28/2015 1:50,9/28/2015 1:55,UNLOAD_MAN
10/1/2015 13:36,10/1/2015 13:41,UNLOAD_MAN
10/1/2015 15:28,10/1/2015 15:29,UNLOAD_MAN
10/1/2015 15:35,10/1/2015 15:53,EAST_MAN
10/5/2015 1:22,10/5/2015 1:27,UNLOAD_MAN
10/8/2015 13:08,10/8/2015 13:16,UNLOAD_MAN
10/8/2015 15:00,10/8/2015 15:02,UNLOAD_MAN
10/8/2015 15:06,10/8/2015 15:21,EAST_MAN
10/12/2015 0:55,10/12/2015 1:02,UNLOAD_MAN
10/15/2015 12:41,10/15/2015 12:51,UNLOAD_MAN
10/16/2015 13:03,10/16/2015 13:07,UNLOAD_MAN
10/16/2015 13:11,10/16/2015 14:40,EAST_MAN
10/17/2015 0:35,10/17/2015 0:36,UNLOAD_MAN
10/17/2015 0:41,10/17/2015 1:56,WEST_MAN
10/20/2015 0:23,10/20/2015 0:33,UNLOAD_MAN
10/22/2015 13:43,10/22/2015 13:52,UNLOAD_MAN
10/22/2015 13:56,10/22/2015 14:13,EAST_MAN
10/25/2015 12:01,10/25/2015 12:13,UNLOAD_MAN
10/26/2015 23:42,10/27/2015 0:37,NORTH_MAN
10/29/2015 11:46,10/29/2015 11:56,UNLOAD_MAN
10/29/2015 14:18,10/29/2015 14:20,UNLOAD_MAN
10/29/2015 14:35,10/29/2015 14:53,EAST_MAN
11/1/2015 11:34,11/1/2015 11:46,UNLOAD_MAN
11/4/2015 11:22,11/4/2015 11:35,UNLOAD_MAN
11/5/2015 13:59,11/5/2015 14:04,UNLOAD_MAN
11/5/2015 14:09,11/5/2015 15:08,EAST_MAN
11/6/2015 1:34,11/6/2015 1:35,UNLOAD_MAN
11/6/2015 1:40,11/6/2015 2:23,WEST_MAN
11/8/2015 11:06,11/8/2015 11:18,UNLOAD_MAN
11/8/2015 22:51,11/8/2015 23:46,NORTH_MAN
11/11/2015 10:55,11/11/2015 11:06,UNLOAD_MAN
11/11/2015 13:50,11/11/2015 13:52,UNLOAD_MAN
11/11/2015 13:57,11/11/2015 14:13,EAST_MAN
11/14/2015 10:43,11/14/2015 10:56,UNLOAD_MAN
11/17/2015 10:31,11/17/2015 10:44,UNLOAD_MAN
11/19/2015 12:26,11/19/2015 12:36,UNLOAD_MAN
11/19/2015 12:43,11/19/2015 12:58,EAST_MAN
11/22/2015 10:11,11/22/2015 10:23,UNLOAD_MAN
11/23/2015 21:53,11/23/2015 22:47,NORTH_MAN
11/26/2015 9:56,11/26/2015 10:06,UNLOAD_MAN
11/26/2015 13:57,11/26/2015 15:00,EAST_MAN
11/27/2015 1:23,11/27/2015 1:26,UNLOAD_MAN
11/27/2015 1:30,11/27/2015 2:15,WEST_MAN
11/29/2015 9:44,11/29/2015 9:53,UNLOAD_MAN
12/1/2015 21:34,12/1/2015 21:42,UNLOAD_MAN
12/3/2015 18:14,12/3/2015 18:20,UNLOAD_MAN
12/3/2015 18:25,12/3/2015 18:42,EAST_MAN
12/6/2015 9:16,12/6/2015 9:26,UNLOAD_MAN
12/7/2015 21:01,12/7/2015 21:50,NORTH_MAN
12/10/2015 9:01,12/10/2015 9:09,UNLOAD_MAN
12/10/2015 15:50,12/10/2015 15:52,UNLOAD_MAN
12/10/2015 15:58,12/10/2015 16:14,EAST_MAN
12/13/2015 8:49,12/13/2015 8:57,UNLOAD_MAN
12/15/2015 20:39,12/15/2015 20:45,UNLOAD_MAN
12/18/2015 8:29,12/18/2015 8:36,UNLOAD_MAN
12/18/2015 14:32,12/18/2015 14:34,UNLOAD_MAN
12/18/2015 14:38,12/18/2015 15:22,EAST_MAN
12/19/2015 2:04,12/19/2015 2:06,UNLOAD_MAN
12/19/2015 2:10,12/19/2015 2:38,WEST_MAN
12/21/2015 8:17,12/21/2015 8:23,UNLOAD_MAN
12/21/2015 20:05,12/21/2015 20:57,NORTH_MAN
12/24/2015 8:06,12/24/2015 8:11,UNLOAD_MAN
12/24/2015 13:50,12/24/2015 13:52,UNLOAD_MAN
12/24/2015 14:07,12/24/2015 14:22,EAST_MAN
12/27/2015 7:54,12/27/2015 8:01,UNLOAD_MAN
12/30/2015 7:42,12/30/2015 7:50,UNLOAD_MAN
12/31/2015 14:17,12/31/2015 14:23,UNLOAD_MAN
12/31/2015 14:30,12/31/2015 15:10,EAST_MAN
1/1/2016 1:55,1/1/2016 1:57,UNLOAD_MAN
1/1/2016 2:02,1/1/2016 2:27,WEST_MAN
1/3/2016 19:24,1/3/2016 19:32,UNLOAD_MAN
1/4/2016 19:07,1/4/2016 20:06,NORTH_MAN
1/7/2016 7:10,1/7/2016 7:17,UNLOAD_MAN
1/7/2016 12:35,1/7/2016 12:37,UNLOAD_MAN
1/7/2016 12:42,1/7/2016 12:58,EAST_MAN
1/10/2016 6:59,1/10/2016 7:06,UNLOAD_MAN
1/13/2016 6:47,1/13/2016 6:55,UNLOAD_MAN
1/14/2016 14:01,1/14/2016 14:06,UNLOAD_MAN
1/14/2016 14:12,1/14/2016 14:25,EAST_MAN
1/17/2016 6:31,1/17/2016 6:38,UNLOAD_MAN
1/18/2016 18:12,1/18/2016 19:12,NORTH_MAN
1/21/2016 14:16,1/21/2016 14:26,UNLOAD_MAN
1/21/2016 14:32,1/21/2016 15:17,EAST_MAN
1/22/2016 1:59,1/22/2016 2:01,UNLOAD_MAN
1/22/2016 2:06,1/22/2016 2:34,WEST_MAN
1/25/2016 6:00,1/25/2016 6:07,UNLOAD_MAN
1/28/2016 5:48,1/28/2016 5:55,UNLOAD_MAN
1/28/2016 15:46,1/28/2016 15:47,UNLOAD_MAN
1/28/2016 15:53,1/28/2016 16:08,EAST_MAN
1/31/2016 17:34,1/31/2016 17:42,UNLOAD_MAN
2/4/2016 5:20,2/4/2016 5:28,UNLOAD_MAN
2/4/2016 14:57,2/4/2016 14:58,UNLOAD_MAN
2/4/2016 15:04,2/4/2016 15:16,EAST_MAN
2/8/2016 5:05,2/8/2016 5:12,UNLOAD_MAN
2/11/2016 14:15,2/11/2016 14:22,UNLOAD_MAN
2/11/2016 14:27,2/11/2016 15:27,EAST_MAN
2/12/2016 1:54,2/12/2016 1:56,UNLOAD_MAN
2/12/2016 2:00,2/12/2016 2:43,WEST_MAN
2/15/2016 4:37,2/15/2016 4:43,UNLOAD_MAN
2/15/2016 16:20,2/15/2016 17:26,NORTH_MAN
2/18/2016 14:58,2/18/2016 15:04,UNLOAD_MAN
2/18/2016 15:09,2/18/2016 15:27,EAST_MAN
2/22/2016 4:10,2/22/2016 4:17,UNLOAD_MAN
2/25/2016 15:56,2/25/2016 16:03,UNLOAD_MAN
2/26/2016 15:07,2/26/2016 15:09,UNLOAD_MAN
2/26/2016 15:14,2/26/2016 15:29,EAST_MAN
3/1/2016 3:38,3/1/2016 3:45,UNLOAD_MAN
3/3/2016 14:32,3/3/2016 14:37,UNLOAD_MAN
3/3/2016 14:42,3/3/2016 15:45,EAST_MAN
3/4/2016 2:07,3/4/2016 2:09,UNLOAD_MAN
3/4/2016 2:14,3/4/2016 3:03,WEST_MAN
3/7/2016 15:13,3/7/2016 15:19,UNLOAD_MAN
3/10/2016 20:46,3/10/2016 20:56,UNLOAD_MAN
3/10/2016 21:03,3/10/2016 21:22,EAST_MAN
3/14/2016 2:47,3/14/2016 2:53,UNLOAD_MAN
3/14/2016 14:42,3/14/2016 15:27,NORTH_MAN
3/17/2016 14:10,3/17/2016 14:15,UNLOAD_MAN
3/17/2016 14:20,3/17/2016 14:37,EAST_MAN
3/21/2016 2:20,3/21/2016 2:26,UNLOAD_MAN
3/24/2016 13:18,3/24/2016 13:24,UNLOAD_MAN
3/24/2016 13:30,3/24/2016 14:20,EAST_MAN
3/25/2016 0:57,3/25/2016 0:59,UNLOAD_MAN
3/25/2016 1:04,3/25/2016 1:36,WEST_MAN
3/28/2016 13:39,3/28/2016 14:40,NORTH_MAN
3/31/2016 13:38,3/31/2016 13:45,UNLOAD_MAN
3/31/2016 17:26,3/31/2016 17:29,UNLOAD_MAN
3/31/2016 17:44,3/31/2016 18:03,EAST_MAN
4/4/2016 1:25,4/4/2016 1:32,UNLOAD_MAN
4/7/2016 13:11,4/7/2016 13:18,UNLOAD_MAN
4/7/2016 15:33,4/7/2016 15:34,UNLOAD_MAN
4/7/2016 15:39,4/7/2016 15:52,EAST_MAN
4/11/2016 0:57,4/11/2016 1:05,UNLOAD_MAN
4/14/2016 0:45,4/14/2016 0:52,UNLOAD_MAN
4/14/2016 14:57,4/14/2016 15:00,UNLOAD_MAN
4/14/2016 15:03,4/14/2016 15:57,EAST_MAN
4/15/2016 2:33,4/15/2016 2:34,UNLOAD_MAN
4/15/2016 2:39,4/15/2016 3:12,WEST_MAN
4/18/2016 0:30,4/18/2016 0:36,UNLOAD_MAN
4/21/2016 0:18,4/21/2016 0:25,UNLOAD_MAN
4/21/2016 14:53,4/21/2016 14:56,UNLOAD_MAN
4/21/2016 15:01,4/21/2016 15:17,EAST_MAN
4/24/2016 12:04,4/24/2016 12:11,UNLOAD_MAN
4/27/2016 11:52,4/27/2016 12:00,UNLOAD_MAN
4/28/2016 15:20,4/28/2016 15:24,UNLOAD_MAN
4/28/2016 15:29,4/28/2016 15:43,EAST_MAN
5/1/2016 11:36,5/1/2016 11:44,UNLOAD_MAN
5/4/2016 11:15,5/4/2016 12:15,NORTH_MAN
5/5/2016 14:38,5/5/2016 14:41,UNLOAD_MAN
5/5/2016 14:47,5/5/2016 15:38,EAST_MAN
5/6/2016 2:17,5/6/2016 2:19,UNLOAD_MAN
5/6/2016 2:24,5/6/2016 2:52,WEST_MAN
5/8/2016 23:07,5/8/2016 23:14,UNLOAD_MAN
5/11/2016 10:59,5/11/2016 11:06,UNLOAD_MAN
5/12/2016 15:25,5/12/2016 15:30,UNLOAD_MAN
5/12/2016 15:35,5/12/2016 15:56,EAST_MAN
5/15/2016 10:41,5/15/2016 10:50,UNLOAD_MAN
5/16/2016 10:30,5/16/2016 11:27,NORTH_MAN
5/19/2016 10:26,5/19/2016 10:34,UNLOAD_MAN
5/19/2016 15:15,5/19/2016 15:17,UNLOAD_MAN
5/19/2016 15:22,5/19/2016 15:41,EAST_MAN
5/22/2016 10:14,5/22/2016 10:22,UNLOAD_MAN
5/24/2016 22:04,5/24/2016 22:11,UNLOAD_MAN
5/26/2016 14:50,5/26/2016 14:57,UNLOAD_MAN
5/26/2016 15:01,5/26/2016 15:51,EAST_MAN
5/27/2016 2:26,5/27/2016 2:28,UNLOAD_MAN
5/27/2016 2:33,5/27/2016 3:10,WEST_MAN
5/29/2016 21:44,5/29/2016 21:52,UNLOAD_MAN
5/30/2016 9:35,5/30/2016 10:33,NORTH_MAN
6/1/2016 21:33,6/1/2016 21:40,UNLOAD_MAN
6/2/2016 16:24,6/2/2016 16:28,UNLOAD_MAN
6/2/2016 16:33,6/2/2016 16:56,EAST_MAN
6/5/2016 9:19,6/5/2016 9:26,UNLOAD_MAN
6/7/2016 21:09,6/7/2016 21:16,UNLOAD_MAN
6/9/2016 14:47,6/9/2016 14:56,UNLOAD_MAN
6/9/2016 15:01,6/9/2016 15:17,EAST_MAN
6/11/2016 21:07,6/11/2016 21:13,UNLOAD_MAN
6/13/2016 8:45,6/13/2016 9:34,NORTH_MAN
6/16/2016 8:36,6/16/2016 8:42,UNLOAD_MAN
6/16/2016 15:25,6/16/2016 15:27,UNLOAD_MAN
6/16/2016 15:32,6/16/2016 15:50,EAST_MAN
6/18/2016 20:48,6/18/2016 20:54,UNLOAD_MAN
6/21/2016 8:16,6/21/2016 8:23,UNLOAD_MAN
6/23/2016 15:24,6/23/2016 15:37,UNLOAD_MAN
6/23/2016 15:41,6/23/2016 15:54,EAST_MAN
6/26/2016 7:56,6/26/2016 8:05,UNLOAD_MAN
6/27/2016 7:48,6/27/2016 8:42,NORTH_MAN
6/29/2016 19:52,6/29/2016 20:00,UNLOAD_MAN
6/30/2016 15:28,6/30/2016 15:33,UNLOAD_MAN
6/30/2016 15:37,6/30/2016 15:52,EAST_MAN
7/3/2016 7:29,7/3/2016 7:39,UNLOAD_MAN
7/5/2016 19:19,7/5/2016 19:29,UNLOAD_MAN
7/7/2016 14:27,7/7/2016 14:35,UNLOAD_MAN
7/7/2016 14:41,7/7/2016 15:57,EAST_MAN
7/8/2016 2:08,7/8/2016 2:10,UNLOAD_MAN
7/8/2016 2:14,7/8/2016 3:14,WEST_MAN
7/10/2016 7:01,7/10/2016 7:10,UNLOAD_MAN
7/11/2016 6:52,7/11/2016 7:48,NORTH_MAN
7/13/2016 18:47,7/13/2016 18:58,UNLOAD_MAN
7/14/2016 21:06,7/14/2016 21:09,UNLOAD_MAN
7/14/2016 21:14,7/14/2016 21:33,EAST_MAN
7/17/2016 6:34,7/17/2016 6:44,UNLOAD_MAN
7/18/2016 6:37,7/18/2016 7:10,NORTH_MAN
7/20/2016 6:22,7/20/2016 6:32,UNLOAD_MAN
7/21/2016 15:09,7/21/2016 15:16,UNLOAD_MAN
7/21/2016 15:22,7/21/2016 15:29,EAST_MAN
7/24/2016 6:06,7/24/2016 6:19,UNLOAD_MAN
7/26/2016 18:06,7/26/2016 18:08,UNLOAD_MAN
7/28/2016 15:11,7/28/2016 15:19,UNLOAD_MAN
7/28/2016 15:26,7/28/2016 15:45,EAST_MAN
7/31/2016 5:39,7/31/2016 5:51,UNLOAD_MAN
8/1/2016 5:29,8/1/2016 6:27,NORTH_MAN
8/3/2016 17:25,8/3/2016 17:36,UNLOAD_MAN
8/6/2016 5:15,8/6/2016 5:27,UNLOAD_MAN
8/8/2016 17:05,8/8/2016 17:16,UNLOAD_MAN
8/9/2016 14:40,8/9/2016 14:43,UNLOAD_MAN
8/9/2016 14:49,8/9/2016 15:14,EAST_MAN
8/12/2016 4:51,8/12/2016 5:04,UNLOAD_MAN
8/15/2016 4:40,8/15/2016 4:54,UNLOAD_MAN
8/18/2016 4:28,8/18/2016 4:42,UNLOAD_MAN
8/19/2016 13:55,8/19/2016 13:59,UNLOAD_MAN
8/19/2016 14:04,8/19/2016 14:49,EAST_MAN
8/20/2016 1:30,8/20/2016 1:31,UNLOAD_MAN
8/20/2016 1:37,8/20/2016 2:07,WEST_MAN
8/23/2016 4:08,8/23/2016 4:22,UNLOAD_MAN
8/25/2016 14:43,8/25/2016 14:51,UNLOAD_MAN
8/25/2016 14:57,8/25/2016 15:05,EAST_MAN
8/28/2016 15:47,8/28/2016 15:57,UNLOAD_MAN
8/29/2016 3:37,8/29/2016 4:05,NORTH_MAN
8/31/2016 14:07,8/31/2016 14:15,UNLOAD_MAN
8/31/2016 14:20,8/31/2016 15:49,EAST_MAN
9/1/2016 1:50,9/1/2016 1:51,UNLOAD_MAN
9/1/2016 1:56,9/1/2016 3:02,WEST_MAN
9/4/2016 3:21,9/4/2016 3:31,UNLOAD_MAN
9/7/2016 3:34,9/7/2016 3:43,UNLOAD_MAN
9/8/2016 14:47,9/8/2016 14:50,UNLOAD_MAN
9/8/2016 14:56,9/8/2016 15:11,EAST_MAN
9/12/2016 2:42,9/12/2016 3:47,NORTH_MAN
9/15/2016 14:40,9/15/2016 14:45,UNLOAD_MAN
9/15/2016 14:50,9/15/2016 14:57,EAST_MAN
9/19/2016 2:22,9/19/2016 2:28,UNLOAD_MAN
9/22/2016 14:27,9/22/2016 14:33,UNLOAD_MAN
9/22/2016 14:43,9/22/2016 15:39,EAST_MAN
9/23/2016 2:00,9/23/2016 2:01,UNLOAD_MAN
9/23/2016 2:16,9/23/2016 2:54,WEST_MAN
9/26/2016 13:53,9/26/2016 13:58,UNLOAD_MAN
9/29/2016 14:31,9/29/2016 14:37,UNLOAD_MAN
9/29/2016 14:42,9/29/2016 14:59,EAST_MAN
10/3/2016 1:27,10/3/2016 1:32,UNLOAD_MAN
10/6/2016 14:16,10/6/2016 14:22,UNLOAD_MAN
10/6/2016 14:23,10/6/2016 15:35,EAST_MAN
10/7/2016 1:51,10/7/2016 1:52,UNLOAD_MAN
10/7/2016 1:57,10/7/2016 2:51,WEST_MAN
10/10/2016 12:58,10/10/2016 13:07,UNLOAD_MAN
10/13/2016 14:17,10/13/2016 14:24,UNLOAD_MAN
10/13/2016 14:28,10/13/2016 14:42,EAST_MAN
10/16/2016 12:34,10/16/2016 12:44,UNLOAD_MAN
10/19/2016 12:22,10/19/2016 12:33,UNLOAD_MAN
10/20/2016 14:44,10/20/2016 14:48,UNLOAD_MAN
10/20/2016 14:52,10/20/2016 15:12,EAST_MAN
10/23/2016 12:06,10/23/2016 12:18,UNLOAD_MAN
10/24/2016 23:53,10/25/2016 1:00,NORTH_MAN
10/27/2016 23:49,10/28/2016 0:00,UNLOAD_MAN
10/28/2016 1:43,10/28/2016 2:33,WEST_MAN
10/28/2016 13:57,10/28/2016 14:00,UNLOAD_MAN
10/28/2016 14:04,10/28/2016 15:14,EAST_MAN
10/31/2016 11:35,10/31/2016 11:47,UNLOAD_MAN
11/3/2016 11:23,11/3/2016 11:37,UNLOAD_MAN
11/4/2016 14:47,11/4/2016 14:52,UNLOAD_MAN
11/4/2016 14:56,11/4/2016 15:09,EAST_MAN
11/6/2016 23:03,11/7/2016 0:09,NORTH_MAN
11/9/2016 11:00,11/9/2016 11:11,UNLOAD_MAN
11/10/2016 14:29,11/10/2016 14:34,UNLOAD_MAN
11/10/2016 14:39,11/10/2016 14:54,EAST_MAN
11/13/2016 10:44,11/13/2016 10:57,UNLOAD_MAN
11/15/2016 22:34,11/15/2016 22:44,UNLOAD_MAN
11/17/2016 14:51,11/17/2016 14:59,UNLOAD_MAN
11/17/2016 15:02,11/17/2016 15:19,EAST_MAN
11/20/2016 10:16,11/20/2016 10:29,UNLOAD_MAN
11/21/2016 22:10,11/21/2016 23:06,NORTH_MAN
11/24/2016 10:01,11/24/2016 10:11,UNLOAD_MAN
11/24/2016 14:44,11/24/2016 14:46,UNLOAD_MAN
11/24/2016 14:51,11/24/2016 15:07,EAST_MAN
11/27/2016 9:49,11/27/2016 10:00,UNLOAD_MAN
11/29/2016 21:39,11/29/2016 21:47,UNLOAD_MAN
12/1/2016 14:31,12/1/2016 14:40,UNLOAD_MAN
12/1/2016 14:44,12/1/2016 15:00,EAST_MAN
12/4/2016 9:21,12/4/2016 9:31,UNLOAD_MAN
12/5/2016 21:21,12/5/2016 21:41,NORTH_MAN
12/7/2016 9:09,12/7/2016 9:18,UNLOAD_MAN
12/8/2016 12:44,12/8/2016 12:49,UNLOAD_MAN
12/8/2016 12:56,12/8/2016 13:32,EAST_MAN
12/9/2016 0:21,12/9/2016 0:23,UNLOAD_MAN
12/9/2016 0:28,12/9/2016 0:52,WEST_MAN
12/11/2016 8:54,12/11/2016 9:01,UNLOAD_MAN
12/13/2016 20:44,12/13/2016 20:51,UNLOAD_MAN
12/15/2016 15:12,12/15/2016 15:21,UNLOAD_MAN
12/15/2016 15:24,12/15/2016 16:20,EAST_MAN
12/16/2016 2:52,12/16/2016 2:54,UNLOAD_MAN
12/16/2016 2:59,12/16/2016 3:38,WEST_MAN
12/18/2016 8:26,12/18/2016 8:32,UNLOAD_MAN
12/19/2016 20:11,12/19/2016 21:25,NORTH_MAN
12/22/2016 8:10,12/22/2016 8:17,UNLOAD_MAN
12/23/2016 14:59,12/23/2016 15:06,UNLOAD_MAN
12/23/2016 15:10,12/23/2016 15:38,EAST_MAN
12/26/2016 7:55,12/26/2016 8:04,UNLOAD_MAN
12/29/2016 7:43,12/29/2016 7:51,UNLOAD_MAN
1/1/2017 7:31,1/1/2017 7:40,UNLOAD_MAN
1/2/2017 19:23,1/2/2017 20:25,NORTH_MAN
1/4/2017 13:01,1/4/2017 13:08,UNLOAD_MAN
1/5/2017 14:08,1/5/2017 14:15,UNLOAD_MAN
1/5/2017 14:20,1/5/2017 14:40,EAST_MAN
1/8/2017 7:04,1/8/2017 7:12,UNLOAD_MAN
1/11/2017 6:52,1/11/2017 7:00,UNLOAD_MAN
1/12/2017 14:21,1/12/2017 14:27,UNLOAD_MAN
1/12/2017 14:32,1/12/2017 14:48,EAST_MAN
1/15/2017 6:36,1/15/2017 6:44,UNLOAD_MAN
1/16/2017 18:29,1/16/2017 19:30,NORTH_MAN
1/19/2017 6:20,1/19/2017 6:27,UNLOAD_MAN
1/21/2017 13:25,1/21/2017 13:35,UNLOAD_MAN
1/21/2017 13:41,1/21/2017 14:35,EAST_MAN
1/22/2017 1:09,1/22/2017 1:11,UNLOAD_MAN
1/22/2017 1:16,1/22/2017 1:54,WEST_MAN
1/25/2017 5:57,1/25/2017 6:05,UNLOAD_MAN
1/28/2017 5:45,1/28/2017 5:53,UNLOAD_MAN
1/28/2017 14:35,1/28/2017 14:37,UNLOAD_MAN
1/28/2017 14:42,1/28/2017 14:59,EAST_MAN
1/31/2017 17:31,1/31/2017 17:39,UNLOAD_MAN
2/4/2017 5:17,2/4/2017 5:25,UNLOAD_MAN
2/4/2017 14:36,2/4/2017 14:38,UNLOAD_MAN
2/4/2017 14:45,2/4/2017 14:59,EAST_MAN
2/7/2017 17:04,2/7/2017 17:11,UNLOAD_MAN
2/11/2017 4:50,2/11/2017 4:57,UNLOAD_MAN
2/11/2017 13:45,2/11/2017 13:46,UNLOAD_MAN
2/11/2017 13:51,2/11/2017 14:38,EAST_MAN
2/12/2017 1:19,2/12/2017 1:20,UNLOAD_MAN
2/12/2017 1:25,2/12/2017 1:59,WEST_MAN
2/13/2017 16:33,2/13/2017 17:47,NORTH_MAN
2/17/2017 4:26,2/17/2017 4:34,UNLOAD_MAN
2/18/2017 15:12,2/18/2017 15:15,UNLOAD_MAN
2/18/2017 15:20,2/18/2017 15:37,EAST_MAN
2/22/2017 4:07,2/22/2017 4:14,UNLOAD_MAN
2/25/2017 14:43,2/25/2017 14:50,UNLOAD_MAN
2/25/2017 14:55,2/25/2017 15:08,EAST_MAN
3/1/2017 3:39,3/1/2017 3:46,UNLOAD_MAN
3/3/2017 13:39,3/3/2017 13:43,UNLOAD_MAN
3/3/2017 13:48,3/3/2017 14:39,EAST_MAN
3/4/2017 1:17,3/4/2017 1:19,UNLOAD_MAN
3/4/2017 1:24,3/4/2017 1:58,WEST_MAN
3/7/2017 15:14,3/7/2017 15:20,UNLOAD_MAN
3/11/2017 3:00,3/11/2017 3:07,UNLOAD_MAN
3/11/2017 14:43,3/11/2017 14:44,UNLOAD_MAN
3/11/2017 14:59,3/11/2017 15:20,EAST_MAN
3/13/2017 14:46,3/13/2017 15:56,NORTH_MAN
3/17/2017 2:36,3/17/2017 2:43,UNLOAD_MAN
3/18/2017 14:37,3/18/2017 14:40,UNLOAD_MAN
3/18/2017 14:45,3/18/2017 15:02,EAST_MAN
3/22/2017 2:17,3/22/2017 2:24,UNLOAD_MAN
3/25/2017 13:46,3/25/2017 13:53,UNLOAD_MAN
3/25/2017 13:58,3/25/2017 15:05,EAST_MAN
3/26/2017 1:26,3/26/2017 1:28,UNLOAD_MAN
3/26/2017 1:32,3/26/2017 2:26,WEST_MAN
3/27/2017 14:10,3/27/2017 14:44,NORTH_MAN
3/30/2017 13:43,3/30/2017 13:51,UNLOAD_MAN
4/1/2017 14:39,4/1/2017 14:44,UNLOAD_MAN
4/1/2017 14:49,4/1/2017 15:10,EAST_MAN
4/5/2017 1:22,4/5/2017 1:29,UNLOAD_MAN
4/8/2017 13:08,4/8/2017 13:15,UNLOAD_MAN
4/8/2017 14:52,4/8/2017 15:08,EAST_MAN
4/11/2017 12:56,4/11/2017 13:03,UNLOAD_MAN
4/14/2017 12:44,4/14/2017 12:51,UNLOAD_MAN
4/15/2017 14:15,4/15/2017 14:17,UNLOAD_MAN
4/15/2017 14:22,4/15/2017 15:13,EAST_MAN
4/16/2017 1:52,4/16/2017 1:53,UNLOAD_MAN
4/16/2017 1:58,4/16/2017 2:34,WEST_MAN
4/19/2017 0:27,4/19/2017 0:33,UNLOAD_MAN
4/22/2017 0:15,4/22/2017 0:22,UNLOAD_MAN
4/22/2017 14:27,4/22/2017 14:30,UNLOAD_MAN
4/22/2017 14:35,4/22/2017 14:51,EAST_MAN
4/25/2017 12:01,4/25/2017 12:08,UNLOAD_MAN
4/28/2017 11:49,4/28/2017 11:57,UNLOAD_MAN
4/29/2017 14:35,4/29/2017 14:39,UNLOAD_MAN
4/29/2017 14:44,4/29/2017 15:03,EAST_MAN
5/2/2017 11:34,5/2/2017 11:42,UNLOAD_MAN
5/3/2017 11:25,5/3/2017 12:39,NORTH_MAN
5/6/2017 11:18,5/6/2017 11:26,UNLOAD_MAN
5/6/2017 14:15,5/6/2017 14:56,EAST_MAN
5/7/2017 1:47,5/7/2017 1:49,UNLOAD_MAN
5/7/2017 1:53,5/7/2017 2:14,WEST_MAN
5/9/2017 23:04,5/9/2017 23:12,UNLOAD_MAN
5/12/2017 11:28,5/12/2017 11:34,UNLOAD_MAN
5/12/2017 14:25,5/12/2017 14:26,UNLOAD_MAN
5/12/2017 14:39,5/12/2017 14:57,EAST_MAN
5/15/2017 10:52,5/15/2017 11:39,NORTH_MAN
5/18/2017 14:46,5/18/2017 14:55,UNLOAD_MAN
5/18/2017 14:59,5/18/2017 15:08,EAST_MAN
5/21/2017 10:19,5/21/2017 10:27,UNLOAD_MAN
5/23/2017 22:09,5/23/2017 22:16,UNLOAD_MAN
5/25/2017 13:48,5/25/2017 13:53,UNLOAD_MAN
5/25/2017 13:58,5/25/2017 15:31,EAST_MAN
5/26/2017 1:31,5/26/2017 1:32,UNLOAD_MAN
5/26/2017 1:37,5/26/2017 2:46,WEST_MAN
5/28/2017 10:14,5/28/2017 10:21,UNLOAD_MAN
5/29/2017 9:56,5/29/2017 10:45,NORTH_MAN
6/1/2017 16:43,6/1/2017 16:54,UNLOAD_MAN
6/1/2017 17:00,6/1/2017 17:20,EAST_MAN
6/4/2017 9:24,6/4/2017 9:31,UNLOAD_MAN
6/6/2017 21:14,6/6/2017 21:21,UNLOAD_MAN
6/8/2017 14:34,6/8/2017 14:42,UNLOAD_MAN
6/8/2017 14:47,6/8/2017 16:21,EAST_MAN
6/11/2017 8:56,6/11/2017 9:04,UNLOAD_MAN
6/12/2017 9:03,6/12/2017 9:49,NORTH_MAN
6/15/2017 9:02,6/15/2017 9:08,UNLOAD_MAN
6/15/2017 15:09,6/15/2017 15:11,UNLOAD_MAN
6/15/2017 15:28,6/15/2017 15:40,EAST_MAN
6/17/2017 20:33,6/17/2017 20:40,UNLOAD_MAN
6/20/2017 8:21,6/20/2017 8:27,UNLOAD_MAN
6/22/2017 14:50,6/22/2017 15:03,UNLOAD_MAN
6/22/2017 15:07,6/22/2017 15:24,EAST_MAN
6/25/2017 8:01,6/25/2017 8:09,UNLOAD_MAN
6/26/2017 8:02,6/26/2017 9:00,NORTH_MAN
6/28/2017 19:47,6/28/2017 19:56,UNLOAD_MAN
6/29/2017 15:38,6/29/2017 15:42,UNLOAD_MAN
6/29/2017 15:47,6/29/2017 16:03,EAST_MAN
7/2/2017 7:34,7/2/2017 7:44,UNLOAD_MAN
7/4/2017 19:24,7/4/2017 19:35,UNLOAD_MAN
7/6/2017 15:16,7/6/2017 15:26,UNLOAD_MAN
7/6/2017 15:30,7/6/2017 15:45,EAST_MAN
7/9/2017 7:06,7/9/2017 7:17,UNLOAD_MAN
7/10/2017 7:09,7/10/2017 8:04,NORTH_MAN
7/12/2017 18:52,7/12/2017 19:03,UNLOAD_MAN
7/13/2017 15:22,7/13/2017 15:27,UNLOAD_MAN
7/13/2017 15:32,7/13/2017 15:42,EAST_MAN
7/15/2017 18:41,7/15/2017 18:51,UNLOAD_MAN
7/18/2017 6:31,7/18/2017 6:42,UNLOAD_MAN
7/20/2017 14:56,7/20/2017 15:08,UNLOAD_MAN
7/20/2017 15:14,7/20/2017 15:29,EAST_MAN
7/23/2017 6:11,7/23/2017 6:24,UNLOAD_MAN
7/25/2017 18:01,7/25/2017 18:14,UNLOAD_MAN
7/27/2017 14:33,7/27/2017 14:42,UNLOAD_MAN
7/27/2017 14:48,7/27/2017 15:58,EAST_MAN
7/28/2017 2:15,7/28/2017 2:17,UNLOAD_MAN
7/28/2017 2:22,7/28/2017 3:17,WEST_MAN
7/30/2017 6:20,7/30/2017 6:30,UNLOAD_MAN
7/31/2017 5:38,7/31/2017 6:51,NORTH_MAN
8/2/2017 17:30,8/2/2017 17:42,UNLOAD_MAN
8/3/2017 14:43,8/3/2017 14:48,UNLOAD_MAN
8/3/2017 14:52,8/3/2017 15:06,EAST_MAN
8/6/2017 5:16,8/6/2017 5:30,UNLOAD_MAN
8/8/2017 17:06,8/8/2017 17:18,UNLOAD_MAN
8/10/2017 14:49,8/10/2017 14:57,UNLOAD_MAN
8/10/2017 15:04,8/10/2017 15:16,EAST_MAN
8/13/2017 4:49,8/13/2017 5:01,UNLOAD_MAN
8/15/2017 16:39,8/15/2017 16:51,UNLOAD_MAN
8/17/2017 14:45,8/17/2017 14:52,UNLOAD_MAN
8/17/2017 14:58,8/17/2017 15:11,EAST_MAN
8/20/2017 4:21,8/20/2017 4:33,UNLOAD_MAN
8/23/2017 4:09,8/23/2017 4:23,UNLOAD_MAN
8/24/2017 14:24,8/24/2017 14:28,UNLOAD_MAN
8/24/2017 14:34,8/24/2017 15:46,EAST_MAN
8/25/2017 2:01,8/25/2017 2:03,UNLOAD_MAN
8/25/2017 2:08,8/25/2017 3:05,WEST_MAN
8/28/2017 3:48,8/28/2017 5:02,NORTH_MAN
8/31/2017 3:38,8/31/2017 3:49,UNLOAD_MAN
9/1/2017 14:26,9/1/2017 14:29,UNLOAD_MAN
9/1/2017 14:35,9/1/2017 14:50,EAST_MAN
9/4/2017 15:20,9/4/2017 15:29,UNLOAD_MAN
9/9/2017 14:41,9/9/2017 14:45,UNLOAD_MAN
9/9/2017 14:51,9/9/2017 15:03,EAST_MAN
9/11/2017 3:14,9/11/2017 3:48,NORTH_MAN
9/15/2017 2:39,9/15/2017 2:47,UNLOAD_MAN
9/16/2017 14:36,9/16/2017 14:39,UNLOAD_MAN
9/16/2017 14:44,9/16/2017 14:56,EAST_MAN
9/20/2017 2:19,9/20/2017 2:25,UNLOAD_MAN
9/23/2017 13:39,9/23/2017 13:46,UNLOAD_MAN
9/23/2017 13:51,9/23/2017 14:54,EAST_MAN
9/24/2017 1:21,9/24/2017 1:22,UNLOAD_MAN
9/24/2017 1:27,9/24/2017 2:11,WEST_MAN
9/27/2017 13:50,9/27/2017 13:56,UNLOAD_MAN
9/30/2017 14:09,9/30/2017 14:14,UNLOAD_MAN
9/30/2017 14:20,9/30/2017 14:35,EAST_MAN
10/4/2017 1:24,10/4/2017 1:30,UNLOAD_MAN
10/7/2017 13:16,10/7/2017 13:22,UNLOAD_MAN
10/7/2017 14:39,10/7/2017 15:24,EAST_MAN
10/8/2017 2:07,10/8/2017 2:08,UNLOAD_MAN
10/8/2017 2:13,10/8/2017 2:43,WEST_MAN
10/11/2017 12:55,10/11/2017 13:03,UNLOAD_MAN
10/14/2017 14:21,10/14/2017 14:27,UNLOAD_MAN
10/14/2017 14:32,10/14/2017 14:49,EAST_MAN
10/17/2017 12:31,10/17/2017 12:41,UNLOAD_MAN
10/20/2017 12:19,10/20/2017 12:30,UNLOAD_MAN
10/21/2017 14:30,10/21/2017 14:33,UNLOAD_MAN
10/21/2017 14:37,10/21/2017 14:57,EAST_MAN
10/24/2017 12:04,10/24/2017 12:15,UNLOAD_MAN
10/27/2017 11:52,10/27/2017 12:04,UNLOAD_MAN
10/29/2017 0:45,10/29/2017 0:51,UNLOAD_MAN
10/29/2017 0:56,10/29/2017 1:37,WEST_MAN
10/29/2017 13:12,10/29/2017 13:14,UNLOAD_MAN
10/29/2017 13:19,10/29/2017 14:11,EAST_MAN
10/30/2017 23:38,10/31/2017 0:52,NORTH_MAN
11/2/2017 23:26,11/2/2017 23:38,UNLOAD_MAN
11/3/2017 15:33,11/3/2017 15:36,UNLOAD_MAN
11/3/2017 15:40,11/3/2017 15:55,EAST_MAN
11/6/2017 11:12,11/6/2017 11:25,UNLOAD_MAN
11/9/2017 11:01,11/9/2017 11:14,UNLOAD_MAN
11/11/2017 14:27,11/11/2017 14:35,UNLOAD_MAN
11/11/2017 14:39,11/11/2017 14:57,EAST_MAN
11/13/2017 22:43,11/13/2017 23:57,NORTH_MAN
11/16/2017 10:33,11/16/2017 10:44,UNLOAD_MAN
11/18/2017 14:00,11/18/2017 14:09,UNLOAD_MAN
11/18/2017 14:14,11/18/2017 14:31,EAST_MAN
11/21/2017 10:13,11/21/2017 10:25,UNLOAD_MAN
11/23/2017 22:04,11/23/2017 22:13,UNLOAD_MAN
11/25/2017 13:22,11/25/2017 13:30,UNLOAD_MAN
11/25/2017 13:35,11/25/2017 14:27,EAST_MAN
11/26/2017 1:00,11/26/2017 1:02,UNLOAD_MAN
11/26/2017 1:07,11/26/2017 1:51,WEST_MAN
11/28/2017 9:46,11/28/2017 9:55,UNLOAD_MAN
11/30/2017 13:52,11/30/2017 14:02,UNLOAD_MAN
11/30/2017 14:08,11/30/2017 14:26,EAST_MAN
12/3/2017 9:26,12/3/2017 9:36,UNLOAD_MAN
12/4/2017 21:31,12/4/2017 22:26,NORTH_MAN
12/7/2017 9:10,12/7/2017 9:19,UNLOAD_MAN
12/7/2017 14:41,12/7/2017 14:43,UNLOAD_MAN
12/7/2017 14:48,12/7/2017 15:28,EAST_MAN
12/8/2017 2:16,12/8/2017 2:18,UNLOAD_MAN
12/8/2017 2:23,12/8/2017 2:50,WEST_MAN
12/10/2017 8:59,12/10/2017 9:06,UNLOAD_MAN
12/12/2017 20:49,12/12/2017 20:55,UNLOAD_MAN
12/14/2017 14:05,12/14/2017 14:14,UNLOAD_MAN
12/14/2017 14:18,12/14/2017 14:40,EAST_MAN
12/17/2017 8:31,12/17/2017 8:38,UNLOAD_MAN
12/18/2017 20:34,12/18/2017 21:33,NORTH_MAN
12/21/2017 8:15,12/21/2017 8:22,UNLOAD_MAN
12/21/2017 14:33,12/21/2017 14:36,UNLOAD_MAN
12/21/2017 14:40,12/21/2017 15:36,EAST_MAN
12/22/2017 2:10,12/22/2017 2:11,UNLOAD_MAN
12/22/2017 2:16,12/22/2017 2:58,WEST_MAN
12/24/2017 20:02,12/24/2017 20:10,UNLOAD_MAN
12/27/2017 7:52,12/27/2017 7:59,UNLOAD_MAN
12/29/2017 19:42,12/29/2017 19:50,UNLOAD_MAN
12/30/2017 14:22,12/30/2017 14:26,UNLOAD_MAN
12/30/2017 14:33,12/30/2017 14:51,EAST_MAN
1/2/2018 7:28,1/2/2018 7:36,UNLOAD_MAN
1/5/2018 7:16,1/5/2018 7:25,UNLOAD_MAN
1/5/2018 16:27,1/5/2018 16:29,UNLOAD_MAN
1/5/2018 16:33,1/5/2018 16:47,EAST_MAN
1/8/2018 7:05,1/8/2018 7:14,UNLOAD_MAN
1/8/2018 19:05,1/8/2018 20:18,NORTH_MAN
1/11/2018 6:53,1/11/2018 7:00,UNLOAD_MAN
1/12/2018 15:31,1/12/2018 15:36,UNLOAD_MAN
1/12/2018 15:41,1/12/2018 15:57,EAST_MAN
1/15/2018 6:37,1/15/2018 6:46,UNLOAD_MAN
1/18/2018 6:25,1/18/2018 6:33,UNLOAD_MAN
1/18/2018 15:09,1/18/2018 15:10,UNLOAD_MAN
1/18/2018 15:16,1/18/2018 15:27,EAST_MAN
1/21/2018 6:14,1/21/2018 6:21,UNLOAD_MAN
1/23/2018 18:08,1/23/2018 19:18,NORTH_MAN
1/25/2018 14:40,1/25/2018 14:46,UNLOAD_MAN
1/25/2018 14:51,1/25/2018 15:05,EAST_MAN
1/28/2018 17:44,1/28/2018 17:52,UNLOAD_MAN
2/1/2018 5:30,2/1/2018 5:38,UNLOAD_MAN
2/1/2018 14:53,2/1/2018 14:54,UNLOAD_MAN
2/1/2018 15:00,2/1/2018 15:43,EAST_MAN
2/2/2018 2:30,2/2/2018 2:31,UNLOAD_MAN
2/2/2018 2:36,2/2/2018 3:07,WEST_MAN
2/5/2018 5:15,2/5/2018 5:21,UNLOAD_MAN
2/8/2018 14:50,2/8/2018 14:56,UNLOAD_MAN
2/8/2018 15:01,2/8/2018 15:21,EAST_MAN
2/12/2018 4:47,2/12/2018 4:55,UNLOAD_MAN
2/12/2018 16:51,2/12/2018 17:59,NORTH_MAN
2/15/2018 5:08,2/15/2018 5:14,UNLOAD_MAN
2/15/2018 13:59,2/15/2018 14:00,UNLOAD_MAN
2/15/2018 14:15,2/15/2018 15:34,EAST_MAN
2/16/2018 1:45,2/16/2018 1:46,UNLOAD_MAN
2/16/2018 1:51,2/16/2018 2:58,WEST_MAN
2/19/2018 16:18,2/19/2018 16:25,UNLOAD_MAN
2/22/2018 14:40,2/22/2018 14:45,UNLOAD_MAN
2/22/2018 14:50,2/22/2018 15:09,EAST_MAN
2/26/2018 3:52,2/26/2018 3:59,UNLOAD_MAN
3/1/2018 15:38,3/1/2018 15:45,UNLOAD_MAN
3/3/2018 15:09,3/3/2018 15:13,UNLOAD_MAN
3/3/2018 15:18,3/3/2018 15:38,EAST_MAN
3/7/2018 3:17,3/7/2018 3:23,UNLOAD_MAN
3/10/2018 15:03,3/10/2018 15:10,UNLOAD_MAN
3/11/2018 15:00,3/11/2018 15:02,UNLOAD_MAN
3/11/2018 15:07,3/11/2018 15:23,EAST_MAN
3/12/2018 15:04,3/12/2018 16:07,NORTH_MAN
3/15/2018 14:51,3/15/2018 14:56,UNLOAD_MAN
3/15/2018 15:02,3/15/2018 15:11,EAST_MAN
3/19/2018 2:29,3/19/2018 2:36,UNLOAD_MAN
3/22/2018 14:46,3/22/2018 14:53,UNLOAD_MAN
3/22/2018 15:01,3/22/2018 16:04,EAST_MAN
3/23/2018 2:34,3/23/2018 2:35,UNLOAD_MAN
3/23/2018 2:40,3/23/2018 3:25,WEST_MAN
3/26/2018 14:00,3/26/2018 14:07,UNLOAD_MAN
3/29/2018 14:10,3/29/2018 14:16,UNLOAD_MAN
3/29/2018 14:21,3/29/2018 14:37,EAST_MAN
4/2/2018 1:34,4/2/2018 1:42,UNLOAD_MAN
4/5/2018 14:16,4/5/2018 14:23,UNLOAD_MAN
4/5/2018 14:31,4/5/2018 14:44,EAST_MAN
4/8/2018 1:24,4/8/2018 2:19,SOUTH_MAN
4/11/2018 0:59,4/11/2018 1:06,UNLOAD_MAN
4/12/2018 13:56,4/12/2018 14:00,UNLOAD_MAN
4/12/2018 14:05,4/12/2018 15:09,EAST_MAN
4/13/2018 1:35,4/13/2018 1:37,UNLOAD_MAN
4/13/2018 1:41,4/13/2018 2:32,WEST_MAN
4/16/2018 0:39,4/16/2018 0:47,UNLOAD_MAN
4/19/2018 0:28,4/19/2018 0:35,UNLOAD_MAN
4/19/2018 14:20,4/19/2018 14:23,UNLOAD_MAN
4/19/2018 14:28,4/19/2018 14:46,EAST_MAN
4/22/2018 12:14,4/22/2018 12:22,UNLOAD_MAN
4/25/2018 12:02,4/25/2018 12:10,UNLOAD_MAN
4/26/2018 14:28,4/26/2018 14:32,UNLOAD_MAN
4/26/2018 14:36,4/26/2018 14:54,EAST_MAN
4/29/2018 11:46,4/29/2018 11:55,UNLOAD_MAN
5/2/2018 11:34,5/2/2018 11:43,UNLOAD_MAN
5/3/2018 14:39,5/3/2018 14:43,UNLOAD_MAN
5/3/2018 14:48,5/3/2018 15:07,EAST_MAN
5/6/2018 11:19,5/6/2018 11:28,UNLOAD_MAN
5/7/2018 11:20,5/7/2018 12:33,NORTH_MAN
5/10/2018 11:03,5/10/2018 11:12,UNLOAD_MAN
5/10/2018 14:26,5/10/2018 14:44,EAST_MAN
5/12/2018 22:53,5/12/2018 23:01,UNLOAD_MAN
5/15/2018 10:43,5/15/2018 10:51,UNLOAD_MAN
5/17/2018 14:09,5/17/2018 14:17,UNLOAD_MAN
5/17/2018 14:23,5/17/2018 14:40,EAST_MAN
5/20/2018 10:24,5/20/2018 10:33,UNLOAD_MAN
5/22/2018 22:14,5/22/2018 22:22,UNLOAD_MAN
5/24/2018 12:21,5/24/2018 12:25,UNLOAD_MAN
5/24/2018 12:30,5/24/2018 13:08,EAST_MAN
5/25/2018 0:00,5/25/2018 0:02,UNLOAD_MAN
5/25/2018 0:08,5/25/2018 0:31,WEST_MAN
5/27/2018 9:56,5/27/2018 10:03,UNLOAD_MAN
5/29/2018 21:46,5/29/2018 21:55,UNLOAD_MAN
5/31/2018 14:25,5/31/2018 14:33,UNLOAD_MAN
5/31/2018 14:38,5/31/2018 14:59,EAST_MAN
6/2/2018 21:31,6/2/2018 21:38,UNLOAD_MAN
6/4/2018 9:30,6/4/2018 10:43,NORTH_MAN
6/6/2018 21:15,6/6/2018 21:23,UNLOAD_MAN
6/7/2018 14:32,6/7/2018 14:35,UNLOAD_MAN
6/7/2018 14:41,6/7/2018 14:54,EAST_MAN
6/9/2018 21:03,6/9/2018 21:10,UNLOAD_MAN
6/12/2018 8:53,6/12/2018 9:01,UNLOAD_MAN
6/14/2018 13:21,6/14/2018 13:30,UNLOAD_MAN
6/14/2018 13:35,6/14/2018 14:52,EAST_MAN
6/15/2018 1:07,6/15/2018 1:09,UNLOAD_MAN
6/15/2018 1:14,6/15/2018 2:13,WEST_MAN
6/17/2018 8:34,6/17/2018 8:40,UNLOAD_MAN
6/18/2018 8:40,6/18/2018 9:44,NORTH_MAN
6/20/2018 8:22,6/20/2018 8:28,UNLOAD_MAN
6/22/2018 13:53,6/22/2018 14:03,UNLOAD_MAN
6/22/2018 14:09,6/22/2018 14:32,EAST_MAN
6/24/2018 20:04,6/24/2018 20:12,UNLOAD_MAN
6/27/2018 7:54,6/27/2018 8:03,UNLOAD_MAN
6/28/2018 14:39,6/28/2018 14:46,UNLOAD_MAN
6/28/2018 14:52,6/28/2018 15:04,EAST_MAN
6/30/2018 19:41,6/30/2018 19:49,UNLOAD_MAN
7/2/2018 7:50,7/2/2018 8:44,NORTH_MAN
7/4/2018 19:25,7/4/2018 19:34,UNLOAD_MAN
7/5/2018 14:44,7/5/2018 14:49,UNLOAD_MAN
7/5/2018 14:54,7/5/2018 15:04,EAST_MAN
7/7/2018 19:13,7/7/2018 19:23,UNLOAD_MAN
7/10/2018 7:03,7/10/2018 7:14,UNLOAD_MAN
7/12/2018 12:19,7/12/2018 12:25,UNLOAD_MAN
7/12/2018 12:30,7/12/2018 13:49,EAST_MAN
7/13/2018 4:00,7/13/2018 4:04,UNLOAD_MAN
7/13/2018 4:09,7/13/2018 5:13,WEST_MAN
7/15/2018 18:42,7/15/2018 18:54,UNLOAD_MAN
7/18/2018 6:32,7/18/2018 6:44,UNLOAD_MAN
7/19/2018 14:36,7/19/2018 14:44,UNLOAD_MAN
7/19/2018 14:49,7/19/2018 15:14,EAST_MAN
7/22/2018 6:16,7/22/2018 6:30,UNLOAD_MAN
7/24/2018 18:06,7/24/2018 18:19,UNLOAD_MAN
7/26/2018 14:36,7/26/2018 14:45,UNLOAD_MAN
7/26/2018 14:51,7/26/2018 14:58,EAST_MAN
7/29/2018 5:49,7/29/2018 6:03,UNLOAD_MAN
7/30/2018 5:50,7/30/2018 7:04,NORTH_MAN
8/1/2018 17:35,8/1/2018 17:47,UNLOAD_MAN
8/2/2018 14:56,8/2/2018 15:01,UNLOAD_MAN
8/2/2018 15:05,8/2/2018 15:17,EAST_MAN
8/5/2018 5:21,8/5/2018 5:35,UNLOAD_MAN
8/7/2018 17:11,8/7/2018 17:23,UNLOAD_MAN
8/9/2018 14:32,8/9/2018 14:39,UNLOAD_MAN
8/9/2018 14:46,8/9/2018 14:56,EAST_MAN
8/12/2018 4:53,8/12/2018 5:06,UNLOAD_MAN
8/15/2018 4:42,8/15/2018 4:56,UNLOAD_MAN
8/16/2018 14:29,8/16/2018 14:34,UNLOAD_MAN
8/16/2018 14:39,8/16/2018 15:36,EAST_MAN
8/17/2018 2:12,8/17/2018 2:15,UNLOAD_MAN
8/17/2018 2:20,8/17/2018 2:54,WEST_MAN
8/20/2018 4:22,8/20/2018 4:36,UNLOAD_MAN
8/23/2018 4:10,8/23/2018 4:23,UNLOAD_MAN
8/23/2018 14:26,8/23/2018 14:27,UNLOAD_MAN
8/23/2018 14:33,8/23/2018 14:41,EAST_MAN
8/26/2018 15:56,8/26/2018 16:08,UNLOAD_MAN
8/27/2018 4:01,8/27/2018 5:14,NORTH_MAN
8/30/2018 4:13,8/30/2018 4:25,UNLOAD_MAN
8/30/2018 14:18,8/30/2018 14:19,UNLOAD_MAN
8/30/2018 14:35,8/30/2018 14:42,EAST_MAN
9/2/2018 15:29,9/2/2018 15:38,UNLOAD_MAN
9/6/2018 3:15,9/6/2018 3:27,UNLOAD_MAN
9/6/2018 13:18,9/6/2018 13:20,UNLOAD_MAN
9/6/2018 13:25,9/6/2018 14:24,EAST_MAN
9/7/2018 0:55,9/7/2018 0:56,UNLOAD_MAN
9/7/2018 1:01,9/7/2018 1:48,WEST_MAN
9/10/2018 3:14,9/10/2018 3:59,NORTH_MAN
9/13/2018 2:48,9/13/2018 2:53,UNLOAD_MAN
9/14/2018 15:02,9/14/2018 15:04,UNLOAD_MAN
9/14/2018 15:10,9/14/2018 16:01,EAST_MAN
9/15/2018 2:43,9/15/2018 2:45,UNLOAD_MAN
9/15/2018 2:49,9/15/2018 3:21,WEST_MAN
9/19/2018 2:24,9/19/2018 2:31,UNLOAD_MAN
9/21/2018 14:30,9/21/2018 14:35,UNLOAD_MAN
9/21/2018 14:40,9/21/2018 14:58,EAST_MAN
9/25/2018 13:59,9/25/2018 14:05,UNLOAD_MAN
9/29/2018 13:43,9/29/2018 13:49,UNLOAD_MAN
9/30/2018 14:18,9/30/2018 14:20,UNLOAD_MAN
9/30/2018 14:25,9/30/2018 14:36,EAST_MAN
10/4/2018 13:57,10/4/2018 14:03,UNLOAD_MAN
10/4/2018 14:12,10/4/2018 15:19,EAST_MAN
10/5/2018 1:44,10/5/2018 1:45,UNLOAD_MAN
10/5/2018 1:50,10/5/2018 2:42,WEST_MAN
10/8/2018 13:07,10/8/2018 13:14,UNLOAD_MAN
10/11/2018 14:40,10/11/2018 14:45,UNLOAD_MAN
10/11/2018 14:51,10/11/2018 15:09,EAST_MAN
10/15/2018 0:42,10/15/2018 0:51,UNLOAD_MAN
10/18/2018 12:28,10/18/2018 12:40,UNLOAD_MAN
10/18/2018 14:30,10/18/2018 14:31,UNLOAD_MAN
10/18/2018 14:36,10/18/2018 14:50,EAST_MAN
10/21/2018 12:55,10/21/2018 13:05,UNLOAD_MAN
10/22/2018 0:22,10/22/2018 1:35,NORTH_MAN
10/25/2018 12:01,10/25/2018 12:13,UNLOAD_MAN
10/25/2018 14:32,10/25/2018 14:34,UNLOAD_MAN
10/25/2018 14:49,10/25/2018 15:05,EAST_MAN
10/28/2018 11:49,10/28/2018 12:01,UNLOAD_MAN
10/31/2018 11:37,10/31/2018 11:49,UNLOAD_MAN
11/1/2018 14:37,11/1/2018 14:42,UNLOAD_MAN
11/1/2018 14:43,11/1/2018 14:55,EAST_MAN
11/4/2018 11:21,11/4/2018 11:33,UNLOAD_MAN
11/7/2018 11:09,11/7/2018 11:22,UNLOAD_MAN
11/7/2018 14:01,11/7/2018 15:03,EAST_MAN
11/8/2018 1:36,11/8/2018 1:38,UNLOAD_MAN
11/8/2018 1:42,11/8/2018 2:25,WEST_MAN
11/10/2018 22:56,11/10/2018 23:07,UNLOAD_MAN
11/12/2018 22:56,11/13/2018 0:09,NORTH_MAN
11/15/2018 10:38,11/15/2018 10:49,UNLOAD_MAN
11/15/2018 14:25,11/15/2018 14:28,UNLOAD_MAN
11/15/2018 14:36,11/15/2018 14:52,EAST_MAN
11/20/2018 22:16,11/20/2018 22:25,UNLOAD_MAN
11/22/2018 14:29,11/22/2018 14:37,UNLOAD_MAN
11/28/2018 14:27,11/28/2018 14:38,UNLOAD_MAN
11/28/2018 14:42,11/28/2018 14:51,EAST_MAN
12/1/2018 9:35,12/1/2018 9:45,UNLOAD_MAN
12/3/2018 9:42,12/3/2018 10:42,SOUTH_MAN
12/5/2018 21:17,12/5/2018 21:25,UNLOAD_MAN
12/6/2018 14:27,12/6/2018 14:32,UNLOAD_MAN
12/6/2018 14:36,12/6/2018 14:59,EAST_MAN
12/9/2018 9:04,12/9/2018 9:12,UNLOAD_MAN
12/11/2018 20:54,12/11/2018 21:00,UNLOAD_MAN
12/13/2018 13:30,12/13/2018 13:40,UNLOAD_MAN
12/13/2018 13:45,12/13/2018 14:44,EAST_MAN
12/14/2018 1:16,12/14/2018 1:18,UNLOAD_MAN
12/14/2018 1:24,12/14/2018 2:10,WEST_MAN
12/16/2018 8:36,12/16/2018 8:42,UNLOAD_MAN
12/17/2018 8:41,12/17/2018 9:54,SOUTH_MAN
12/19/2018 20:22,12/19/2018 20:30,UNLOAD_MAN
12/20/2018 14:45,12/20/2018 14:49,UNLOAD_MAN
12/20/2018 14:54,12/20/2018 15:11,EAST_MAN
12/23/2018 8:09,12/23/2018 8:17,UNLOAD_MAN
12/25/2018 20:11,12/25/2018 20:18,UNLOAD_MAN
12/27/2018 14:44,12/27/2018 14:53,UNLOAD_MAN
12/27/2018 14:57,12/27/2018 15:11,EAST_MAN
12/30/2018 7:41,12/30/2018 7:49,UNLOAD_MAN
1/2/2019 7:29,1/2/2019 7:38,UNLOAD_MAN
1/3/2019 14:27,1/3/2019 14:33,UNLOAD_MAN
1/3/2019 14:38,1/3/2019 14:55,EAST_MAN
1/6/2019 7:14,1/6/2019 7:22,UNLOAD_MAN
1/7/2019 7:19,1/7/2019 8:31,SOUTH_MAN
1/9/2019 19:00,1/9/2019 19:08,UNLOAD_MAN
1/12/2019 6:50,1/12/2019 6:57,UNLOAD_MAN
1/12/2019 13:19,1/12/2019 13:21,UNLOAD_MAN
1/12/2019 13:26,1/12/2019 14:17,EAST_MAN
1/13/2019 0:58,1/13/2019 1:00,UNLOAD_MAN
1/13/2019 1:05,1/13/2019 1:43,WEST_MAN
1/15/2019 18:36,1/15/2019 18:44,UNLOAD_MAN
1/17/2019 14:32,1/17/2019 14:39,UNLOAD_MAN
1/17/2019 14:44,1/17/2019 14:54,EAST_MAN
1/20/2019 6:18,1/20/2019 6:26,UNLOAD_MAN
1/21/2019 6:25,1/21/2019 7:35,SOUTH_MAN
1/24/2019 6:03,1/24/2019 6:12,UNLOAD_MAN
1/26/2019 15:41,1/26/2019 15:47,UNLOAD_MAN
1/26/2019 15:52,1/26/2019 16:51,EAST_MAN
1/26/2019 23:10,1/26/2019 23:11,UNLOAD_MAN
1/26/2019 23:16,1/27/2019 0:05,WEST_MAN
1/30/2019 5:39,1/30/2019 5:47,UNLOAD_MAN
1/31/2019 14:18,1/31/2019 14:23,UNLOAD_MAN
1/31/2019 14:28,1/31/2019 15:47,EAST_MAN
2/1/2019 2:04,2/1/2019 2:05,UNLOAD_MAN
2/1/2019 2:10,2/1/2019 3:10,WEST_MAN
2/4/2019 5:20,2/4/2019 5:26,UNLOAD_MAN
2/7/2019 13:58,2/7/2019 14:08,UNLOAD_MAN
2/7/2019 14:13,2/7/2019 14:27,EAST_MAN
2/11/2019 4:52,2/11/2019 5:00,UNLOAD_MAN
2/12/2019 5:01,2/12/2019 6:06,SOUTH_MAN
2/15/2019 14:38,2/15/2019 14:45,UNLOAD_MAN
2/15/2019 14:50,2/15/2019 15:00,EAST_MAN
2/19/2019 4:21,2/19/2019 4:27,UNLOAD_MAN
2/21/2019 14:23,2/21/2019 14:28,UNLOAD_MAN
2/21/2019 14:32,2/21/2019 15:09,EAST_MAN
2/22/2019 2:05,2/22/2019 2:06,UNLOAD_MAN
2/22/2019 2:11,2/22/2019 2:36,WEST_MAN
2/28/2019 14:41,2/28/2019 14:45,UNLOAD_MAN
2/28/2019 14:50,2/28/2019 15:09,EAST_MAN
3/4/2019 15:27,3/4/2019 15:35,UNLOAD_MAN
3/7/2019 14:01,3/7/2019 14:06,UNLOAD_MAN
3/7/2019 14:12,3/7/2019 15:22,EAST_MAN
3/8/2019 1:47,3/8/2019 1:48,UNLOAD_MAN
3/8/2019 1:53,3/8/2019 2:48,WEST_MAN
3/12/2019 2:58,3/12/2019 3:05,UNLOAD_MAN
3/14/2019 15:51,3/14/2019 15:55,UNLOAD_MAN
3/14/2019 16:00,3/14/2019 16:13,EAST_MAN
3/18/2019 14:42,3/18/2019 15:55,NORTH_MAN
3/20/2019 15:02,3/20/2019 15:06,UNLOAD_MAN
3/20/2019 15:11,3/20/2019 15:53,EAST_MAN
3/21/2019 2:47,3/21/2019 2:48,UNLOAD_MAN
3/21/2019 2:53,3/21/2019 3:17,WEST_MAN
3/25/2019 2:07,3/25/2019 2:14,UNLOAD_MAN
3/27/2019 14:49,3/27/2019 14:54,UNLOAD_MAN
3/27/2019 14:59,3/27/2019 15:17,EAST_MAN
3/31/2019 13:41,3/31/2019 13:49,UNLOAD_MAN
4/4/2019 1:28,4/4/2019 1:35,UNLOAD_MAN
4/4/2019 14:28,4/4/2019 14:31,UNLOAD_MAN
4/4/2019 14:45,4/4/2019 15:02,EAST_MAN
4/8/2019 1:12,4/8/2019 1:19,UNLOAD_MAN
4/11/2019 13:33,4/11/2019 13:39,UNLOAD_MAN
4/11/2019 13:48,4/11/2019 14:43,EAST_MAN
4/12/2019 1:24,4/12/2019 1:25,UNLOAD_MAN
4/12/2019 1:30,4/12/2019 2:09,WEST_MAN
4/15/2019 12:54,4/15/2019 13:48,NORTH_MAN
4/18/2019 14:46,4/18/2019 14:54,UNLOAD_MAN
4/18/2019 14:59,4/18/2019 15:20,EAST_MAN
4/21/2019 12:19,4/21/2019 12:26,UNLOAD_MAN
4/24/2019 12:07,4/24/2019 12:15,UNLOAD_MAN
4/25/2019 14:37,4/25/2019 14:41,UNLOAD_MAN
4/25/2019 14:45,4/25/2019 15:01,EAST_MAN
4/28/2019 11:51,4/28/2019 11:59,UNLOAD_MAN
5/1/2019 11:39,5/1/2019 11:48,UNLOAD_MAN
5/2/2019 14:11,5/2/2019 14:14,UNLOAD_MAN
5/2/2019 14:19,5/2/2019 14:34,EAST_MAN
5/5/2019 11:24,5/5/2019 11:32,UNLOAD_MAN
5/8/2019 11:12,5/8/2019 11:21,UNLOAD_MAN
5/9/2019 12:49,5/9/2019 12:52,UNLOAD_MAN
5/9/2019 12:57,5/9/2019 13:59,EAST_MAN
5/10/2019 0:30,5/10/2019 0:32,UNLOAD_MAN
5/10/2019 0:36,5/10/2019 1:28,WEST_MAN
5/12/2019 23:04,5/13/2019 0:17,SOUTH_MAN
5/15/2019 10:48,5/15/2019 10:55,UNLOAD_MAN
5/15/2019 14:26,5/15/2019 14:27,UNLOAD_MAN
5/15/2019 14:42,5/15/2019 15:01,EAST_MAN
5/18/2019 10:33,5/18/2019 10:42,UNLOAD_MAN
5/21/2019 10:21,5/21/2019 10:30,UNLOAD_MAN
5/22/2019 14:18,5/22/2019 14:23,UNLOAD_MAN
5/22/2019 14:28,5/22/2019 14:45,EAST_MAN
5/25/2019 10:05,5/25/2019 10:14,UNLOAD_MAN
5/27/2019 21:55,5/27/2019 22:03,UNLOAD_MAN
5/30/2019 9:45,5/30/2019 9:53,UNLOAD_MAN
5/30/2019 13:18,5/30/2019 13:19,UNLOAD_MAN
5/30/2019 13:23,5/30/2019 14:20,EAST_MAN
5/31/2019 0:58,5/31/2019 1:00,UNLOAD_MAN
5/31/2019 1:04,5/31/2019 1:47,WEST_MAN
6/2/2019 9:34,6/2/2019 9:41,UNLOAD_MAN
6/2/2019 21:42,6/2/2019 22:55,SOUTH_MAN
6/5/2019 9:22,6/5/2019 9:30,UNLOAD_MAN
6/6/2019 14:34,6/6/2019 14:41,UNLOAD_MAN
6/6/2019 14:45,6/6/2019 15:02,EAST_MAN
6/9/2019 9:06,6/9/2019 9:15,UNLOAD_MAN
6/11/2019 20:56,6/11/2019 21:04,UNLOAD_MAN
6/13/2019 14:14,6/13/2019 14:22,UNLOAD_MAN
6/13/2019 14:28,6/13/2019 14:46,EAST_MAN
6/15/2019 20:53,6/15/2019 21:00,UNLOAD_MAN
6/18/2019 8:31,6/18/2019 8:38,UNLOAD_MAN
6/20/2019 13:49,6/20/2019 13:59,UNLOAD_MAN
6/20/2019 14:06,6/20/2019 14:50,EAST_MAN
6/21/2019 1:38,6/21/2019 1:40,UNLOAD_MAN
6/21/2019 1:45,6/21/2019 2:19,WEST_MAN
6/23/2019 8:11,6/23/2019 8:18,UNLOAD_MAN
6/24/2019 20:15,6/24/2019 21:29,SOUTH_MAN
6/27/2019 7:55,6/27/2019 8:03,UNLOAD_MAN
6/27/2019 14:04,6/27/2019 14:06,UNLOAD_MAN
6/27/2019 14:11,6/27/2019 14:27,EAST_MAN
6/29/2019 19:45,6/29/2019 19:54,UNLOAD_MAN
7/2/2019 7:36,7/2/2019 7:45,UNLOAD_MAN
7/4/2019 19:26,7/4/2019 19:36,UNLOAD_MAN
7/5/2019 14:18,7/5/2019 14:22,UNLOAD_MAN
7/5/2019 14:28,7/5/2019 14:41,EAST_MAN
7/7/2019 19:53,7/7/2019 20:00,UNLOAD_MAN
7/10/2019 7:04,7/10/2019 7:15,UNLOAD_MAN
7/11/2019 14:27,7/11/2019 14:34,UNLOAD_MAN
7/11/2019 14:40,7/11/2019 15:23,EAST_MAN
7/12/2019 2:15,7/12/2019 2:18,UNLOAD_MAN
7/12/2019 2:22,7/12/2019 2:49,WEST_MAN
7/14/2019 6:59,7/14/2019 7:09,UNLOAD_MAN
7/15/2019 18:53,7/15/2019 20:06,SOUTH_MAN
7/18/2019 6:33,7/18/2019 6:45,UNLOAD_MAN
7/18/2019 16:01,7/18/2019 16:04,UNLOAD_MAN
7/18/2019 16:09,7/18/2019 16:19,EAST_MAN
7/21/2019 6:21,7/21/2019 6:34,UNLOAD_MAN
7/23/2019 18:11,7/23/2019 18:23,UNLOAD_MAN
7/25/2019 15:33,7/25/2019 15:42,UNLOAD_MAN
7/25/2019 15:48,7/25/2019 16:04,EAST_MAN
7/28/2019 5:53,7/28/2019 6:07,UNLOAD_MAN
7/30/2019 17:44,7/30/2019 17:56,UNLOAD_MAN
8/1/2019 14:17,8/1/2019 14:25,UNLOAD_MAN
8/1/2019 14:30,8/1/2019 14:43,EAST_MAN
8/4/2019 5:26,8/4/2019 5:40,UNLOAD_MAN
8/5/2019 17:31,8/5/2019 18:43,SOUTH_MAN
8/8/2019 5:10,8/8/2019 5:23,UNLOAD_MAN
8/8/2019 14:38,8/8/2019 14:40,UNLOAD_MAN
8/8/2019 14:45,8/8/2019 14:58,EAST_MAN
8/11/2019 4:58,8/11/2019 5:13,UNLOAD_MAN
8/12/2019 4:53,8/12/2019 4:53,UNLOAD_MAN
8/14/2019 4:47,8/14/2019 5:02,UNLOAD_MAN
8/15/2019 13:49,8/15/2019 13:53,UNLOAD_MAN
8/15/2019 13:59,8/15/2019 14:35,EAST_MAN
8/16/2019 1:33,8/16/2019 1:35,UNLOAD_MAN
8/16/2019 1:40,8/16/2019 2:03,WEST_MAN
8/19/2019 4:27,8/19/2019 4:42,UNLOAD_MAN
8/22/2019 4:15,8/22/2019 4:29,UNLOAD_MAN
8/23/2019 15:10,8/23/2019 15:15,UNLOAD_MAN
8/23/2019 15:21,8/23/2019 15:40,EAST_MAN
8/26/2019 15:57,8/26/2019 16:09,UNLOAD_MAN
8/28/2019 14:33,8/28/2019 14:38,UNLOAD_MAN
8/28/2019 14:44,8/28/2019 14:52,EAST_MAN
8/31/2019 15:38,8/31/2019 15:48,UNLOAD_MAN
9/2/2019 15:40,9/2/2019 16:54,SOUTH_MAN
9/5/2019 14:27,9/5/2019 14:33,UNLOAD_MAN
9/5/2019 14:39,9/5/2019 14:56,EAST_MAN
9/9/2019 3:04,9/9/2019 3:14,UNLOAD_MAN
9/12/2019 12:19,9/12/2019 12:25,UNLOAD_MAN
9/12/2019 12:31,9/12/2019 13:09,EAST_MAN
9/13/2019 0:04,9/13/2019 0:06,UNLOAD_MAN
9/13/2019 0:11,9/13/2019 0:36,WEST_MAN
9/16/2019 14:35,9/16/2019 14:41,UNLOAD_MAN
9/19/2019 14:55,9/19/2019 15:00,UNLOAD_MAN
9/19/2019 15:05,9/19/2019 15:22,EAST_MAN
9/23/2019 14:07,9/23/2019 14:14,UNLOAD_MAN
9/26/2019 13:48,9/26/2019 13:53,UNLOAD_MAN
9/26/2019 13:58,9/26/2019 15:07,EAST_MAN
9/27/2019 1:30,9/27/2019 1:31,UNLOAD_MAN
9/27/2019 1:37,9/27/2019 2:36,WEST_MAN
10/1/2019 1:50,10/1/2019 3:00,NORTH_MAN
10/3/2019 14:46,10/3/2019 14:50,UNLOAD_MAN
10/3/2019 14:55,10/3/2019 15:12,EAST_MAN
10/7/2019 13:12,10/7/2019 13:20,UNLOAD_MAN
10/10/2019 14:11,10/10/2019 14:18,UNLOAD_MAN
10/10/2019 14:22,10/10/2019 15:15,EAST_MAN
10/11/2019 1:57,10/11/2019 1:59,UNLOAD_MAN
10/11/2019 2:04,10/11/2019 2:42,WEST_MAN
10/14/2019 12:45,10/14/2019 12:55,UNLOAD_MAN
10/17/2019 14:48,10/17/2019 14:55,UNLOAD_MAN
10/17/2019 14:58,10/17/2019 15:13,EAST_MAN
10/20/2019 12:21,10/20/2019 12:32,UNLOAD_MAN
10/23/2019 12:09,10/23/2019 12:21,UNLOAD_MAN
10/24/2019 14:20,10/24/2019 14:24,UNLOAD_MAN
10/24/2019 14:29,10/24/2019 14:42,EAST_MAN
10/27/2019 11:54,10/27/2019 12:06,UNLOAD_MAN
10/28/2019 0:03,10/28/2019 1:15,NORTH_MAN
10/30/2019 23:40,10/30/2019 23:51,UNLOAD_MAN
10/31/2019 14:21,10/31/2019 14:23,UNLOAD_MAN
10/31/2019 14:28,10/31/2019 14:47,EAST_MAN
11/3/2019 11:26,11/3/2019 11:38,UNLOAD_MAN
11/6/2019 11:14,11/6/2019 11:27,UNLOAD_MAN
11/7/2019 12:43,11/7/2019 12:49,UNLOAD_MAN
11/7/2019 12:54,11/7/2019 13:30,EAST_MAN
11/8/2019 0:29,11/8/2019 0:31,UNLOAD_MAN
11/8/2019 0:36,11/8/2019 0:58,WEST_MAN
11/10/2019 10:59,11/10/2019 11:10,UNLOAD_MAN
11/12/2019 22:50,11/12/2019 23:00,UNLOAD_MAN
11/14/2019 14:48,11/14/2019 14:56,UNLOAD_MAN
11/14/2019 15:00,11/14/2019 15:15,EAST_MAN
11/17/2019 10:31,11/17/2019 10:43,UNLOAD_MAN
11/19/2019 22:21,11/19/2019 22:31,UNLOAD_MAN
11/21/2019 14:32,11/21/2019 14:41,UNLOAD_MAN
11/21/2019 14:44,11/21/2019 14:59,EAST_MAN
11/24/2019 10:04,11/24/2019 10:15,UNLOAD_MAN
11/24/2019 22:13,11/24/2019 23:25,NORTH_MAN
11/27/2019 9:52,11/27/2019 10:01,UNLOAD_MAN
11/28/2019 14:15,11/28/2019 14:21,UNLOAD_MAN
11/28/2019 14:27,11/28/2019 14:45,EAST_MAN
11/30/2019 21:38,11/30/2019 21:46,UNLOAD_MAN
12/3/2019 9:28,12/3/2019 9:37,UNLOAD_MAN
12/5/2019 12:32,12/5/2019 12:43,UNLOAD_MAN
12/5/2019 12:49,12/5/2019 13:23,EAST_MAN
12/6/2019 0:25,12/6/2019 0:28,UNLOAD_MAN
12/6/2019 0:32,12/6/2019 0:51,WEST_MAN
12/8/2019 9:09,12/8/2019 9:16,UNLOAD_MAN
12/10/2019 20:59,12/10/2019 21:06,UNLOAD_MAN
12/11/2019 14:33,12/11/2019 14:38,UNLOAD_MAN
12/11/2019 14:42,12/11/2019 14:56,EAST_MAN
12/14/2019 8:45,12/14/2019 8:53,UNLOAD_MAN
12/15/2019 20:50,12/15/2019 22:03,NORTH_MAN
12/18/2019 8:29,12/18/2019 8:37,UNLOAD_MAN
12/19/2019 13:57,12/19/2019 14:04,UNLOAD_MAN
12/19/2019 14:09,12/19/2019 14:45,EAST_MAN
12/20/2019 1:45,12/20/2019 1:47,UNLOAD_MAN
12/20/2019 1:52,12/20/2019 2:13,WEST_MAN
12/22/2019 8:14,12/22/2019 8:21,UNLOAD_MAN
12/24/2019 20:04,12/24/2019 20:12,UNLOAD_MAN
12/26/2019 12:47,12/26/2019 12:56,UNLOAD_MAN
12/26/2019 13:01,12/26/2019 13:21,EAST_MAN
12/29/2019 7:46,12/29/2019 7:55,UNLOAD_MAN
12/31/2019 19:56,12/31/2019 20:04,UNLOAD_MAN
1/2/2020 14:35,1/2/2020 14:44,UNLOAD_MAN
1/2/2020 14:48,1/2/2020 15:01,EAST_MAN
1/4/2020 19:31,1/4/2020 20:44,NORTH_MAN
1/7/2020 7:11,1/7/2020 7:19,UNLOAD_MAN
1/8/2020 13:48,1/8/2020 13:54,UNLOAD_MAN
1/8/2020 14:00,1/8/2020 14:11,EAST_MAN
1/11/2020 6:55,1/11/2020 7:04,UNLOAD_MAN
1/12/2020 13:09,1/12/2020 13:15,UNLOAD_MAN
1/12/2020 13:21,1/12/2020 13:57,EAST_MAN
1/13/2020 0:51,1/13/2020 0:53,UNLOAD_MAN
1/13/2020 0:59,1/13/2020 1:31,WEST_MAN
1/15/2020 18:37,1/15/2020 18:45,UNLOAD_MAN
1/17/2020 15:05,1/17/2020 15:12,UNLOAD_MAN
1/17/2020 15:17,1/17/2020 15:30,EAST_MAN
1/20/2020 6:20,1/20/2020 6:27,UNLOAD_MAN
1/20/2020 18:29,1/20/2020 19:41,NORTH_MAN
1/23/2020 6:08,1/23/2020 6:15,UNLOAD_MAN
1/23/2020 14:22,1/23/2020 14:24,UNLOAD_MAN
1/23/2020 14:39,1/23/2020 15:49,EAST_MAN
1/24/2020 2:17,1/24/2020 2:19,UNLOAD_MAN
1/24/2020 2:24,1/24/2020 3:17,WEST_MAN
1/27/2020 5:52,1/27/2020 6:01,UNLOAD_MAN
1/30/2020 5:40,1/30/2020 5:48,UNLOAD_MAN
1/30/2020 14:53,1/30/2020 14:55,UNLOAD_MAN
1/30/2020 14:59,1/30/2020 15:16,EAST_MAN
2/2/2020 17:26,2/2/2020 17:34,UNLOAD_MAN
2/6/2020 5:13,2/6/2020 5:21,UNLOAD_MAN
2/6/2020 14:19,2/6/2020 14:20,UNLOAD_MAN
2/6/2020 14:25,2/6/2020 15:16,EAST_MAN
2/7/2020 2:00,2/7/2020 2:01,UNLOAD_MAN
2/7/2020 2:06,2/7/2020 2:49,WEST_MAN
2/10/2020 16:55,2/10/2020 17:03,UNLOAD_MAN
2/11/2020 5:04,2/11/2020 6:17,SOUTH_MAN
2/13/2020 15:04,2/13/2020 15:09,UNLOAD_MAN
2/13/2020 15:15,2/13/2020 15:25,EAST_MAN
2/17/2020 4:29,2/17/2020 4:36,UNLOAD_MAN
2/20/2020 14:31,2/20/2020 14:37,UNLOAD_MAN
2/20/2020 14:42,2/20/2020 16:00,EAST_MAN
2/21/2020 2:22,2/21/2020 2:23,UNLOAD_MAN
2/21/2020 2:28,2/21/2020 3:28,WEST_MAN
2/25/2020 3:58,2/25/2020 4:05,UNLOAD_MAN
2/27/2020 15:02,2/27/2020 15:06,UNLOAD_MAN
2/27/2020 15:11,2/27/2020 15:31,EAST_MAN
