,2021-10-27 00:40:00,2021-10-27 00:50:00,2021-10-27 01:00:00,2021-10-27 01:10:00,2021-10-27 01:20:00,2021-10-27 01:30:00,2021-10-27 01:40:00,2021-10-27 01:50:00,2021-10-27 02:00:00,2021-10-27 02:10:00,2021-10-27 02:20:00,2021-10-27 02:30:00,2021-10-27 02:40:00,2021-10-27 02:50:00,2021-10-27 03:00:00,2021-10-27 03:10:00,2021-10-27 03:20:00,2021-10-27 03:30:00,2021-10-27 03:40:00,2021-10-27 03:50:00,2021-10-27 04:00:00,2021-10-27 04:10:00,2021-10-27 04:20:00,2021-10-27 04:30:00,2021-10-27 04:40:00
ANT_1_ACU_mean,0.00018138341,-0.00029081953,0.00016156242,0.00017873321,0.00036209903,0.00036574452,0.00023230625,0.0003694517,-0.000114999246,0.00034394502,9.7279924e-05,0.00048974354,0.00079595484,0.00039307267,0.00015518084,0.00020387613,0.00020773837,0.0001066181,5.6773963e-05,2.0384108e-05,1.96453e-05,-1.3211493e-05,-0.0004019147,-5.551016e-05,0.00016437894
ANT_1_ACU_std,0.00020213447,-0.0004162507,5.5867185e-05,1.9599785e-05,5.0481292e-05,5.85006e-06,-2.5826803e-05,3.9334853e-05,1.1645556e-05,1.1156555e-05,-0.001037341,0.0011826017,0.00040561068,-0.00042923028,4.0197017e-05,-0.00014303369,0.0001005093,-0.00011081807,3.37884e-05,-1.6397004e-06,1.7077346e-05,1.1919644e-05,2.5374127e-05,6.303276e-05,0.00011556457
ANT_1_ACU_min,0.0001743065,0.00027269195,0.00024377226,0.00013643927,0.00015163905,0.0003369229,-5.9338286e-06,-5.670501e-06,5.1104143e-07,0.00020106265,0.00010810636,-3.3721342e-05,4.9371956e-05,-9.229106e-06,3.1241205e-05,0.00013058916,3.4411107e-05,6.65219e-05,0.00013687692,0.00014399781,0.000113169364,-0.00036151276,-1.5175231e-05,0.00016763376,0.00028872365
ANT_1_ACU_max,-0.000121483885,-1.1349706e-05,3.5533594e-05,-4.4868004e-05,3.7030193e-05,2.3451186e-05,1.6967195e-05,4.7391728e-05,-7.4166064e-06,1.9355373e-05,0.00011676372,7.344904e-05,0.000101807316,-0.00015143034,5.1657673e-05,-5.722311e-05,9.587389e-05,9.6590455e-05,0.00016134033,-1.4566385e-06,4.396802e-05,-4.899789e-05,-4.0508843e-05,-3.348798e-05,7.515902e-05
ANT_2_ACU_mean,0.00031066587,0.00031435347,0.00034119378,-0.00039446953,-7.033129e-05,-0.00016896967,-0.00011778066,-0.00013376813,0.00031537356,0.00029774837,0.0001966238,0.00029975083,0.0006841347,0.00042052858,0.00042723038,0.00041541344,0.00019975808,0.00020648366,8.639582e-05,0.00028668795,7.142621e-05,0.00012774413,0.00036143564,-0.00011118489,-0.00021532607
ANT_2_ACU_std,0.0007942848,-0.00013977247,-5.282816e-05,-0.00035500518,-9.5391726e-05,-0.00014828368,-0.00024279865,0.0012713784,-0.00013560877,-0.00014753653,-0.00019338907,-0.0002378943,-0.00019320245,4.4041867e-06,7.0200134e-05,-0.00023336781,-0.00018860112,-0.0001435276,-0.00017520407,-0.0001726213,0.00025846335,-0.00015868754,8.753388e-05,-0.0001072469,-0.00012618814
ANT_2_ACU_min,0.0011469651,-9.989086e-05,-0.0003005908,-0.00025496847,-0.00026837873,-0.0003813364,-0.00032075227,0.0010973639,-0.0001541442,-0.00031879498,8.4828716e-05,0.00016985757,0.0006093621,0.00088832434,0.0009899606,-0.00010923721,-0.00012711337,-0.00013943722,-0.0002652697,-0.00025616947,0.001044284,0.00084205496,0.0006971208,-0.00017169632,-0.00027200903
ANT_2_ACU_max,7.408161e-05,8.204604e-05,0.00012163058,9.532525e-06,3.999146e-06,9.110014e-06,2.8201219e-05,0.00024349854,0.00014526847,0.00012906548,4.8114576e-05,-5.357057e-06,3.0096657e-05,-9.070374e-05,9.377202e-05,0.00017692888,0.00011090248,3.4818357e-05,1.798285e-05,1.3014087e-06,5.7985315e-05,7.6764685e-05,3.0569263e-05,-1.30035405e-05,-0.00013978247
ANT_3_ACU_mean,1.8683786e-05,-9.4125644e-05,4.6169138e-05,-0.0001086189,0.0019785087,0.00039670436,-7.886617e-05,-7.605042e-05,-0.0001994611,0.00010180742,0.00037166377,0.002410007,0.0021250485,0.0013338551,0.0002807947,6.324839e-05,6.003905e-05,0.00011446912,0.0023110101,0.0008090934,0.00031125202,-1.5023305e-05,-0.00016442694,-0.00016780786,-0.0002275165
ANT_3_ACU_std,-3.7445585e-05,-2.014318e-05,-2.0931071e-05,-3.998505e-05,-0.00012761528,2.4287397e-06,-2.5410209e-06,-1.9950892e-05,-4.9466453e-05,-9.611266e-06,-0.00060725224,0.00017206577,0.00027920766,-0.0001506058,-0.00013053976,-0.000116148,1.3979243e-06,5.7617253e-05,-4.0645788e-05,-1.6017239e-05,-6.585832e-05,-6.2935055e-06,-3.550904e-05,-1.2189168e-05,-2.5144715e-05
ANT_3_ACU_min,-0.00016139449,-0.00016514194,-0.00015762587,-0.00021503196,0.0007656143,0.0004789131,-0.0002289821,-0.00020429815,-0.00018378385,-0.00019721113,0.000546452,0.00026923526,0.00036206248,0.00019703734,-4.2909498e-05,-0.00014341819,-0.00015824036,0.00037783053,0.0005730362,0.00055270165,8.503776e-05,-0.00021146651,-0.00020575187,-0.00016570382,-0.000113670045
ANT_3_ACU_max,0.00013636649,0.0003309168,0.00025704727,0.00021442631,0.00039723277,0.00016925528,5.6741148e-05,4.3290365e-05,0.00014978903,0.00024334234,3.6444577e-05,0.00020524292,-7.962072e-06,0.00016110667,4.8613445e-05,-6.28297e-05,0.00017336647,0.00017428838,0.00014078937,0.00032311163,-0.00014495793,1.3146763e-05,-5.6942376e-05,-5.766074e-05,-8.978289e-05
ANT_4_ACU_mean,-0.00022243541,-7.341191e-05,-0.00012998874,-4.6820063e-05,-0.00011083551,-0.00011827498,-0.00011977607,-0.00011895995,-8.838964e-05,-5.2671836e-05,-4.4534507e-05,-2.9101295e-05,1.69116e-05,-7.5566255e-05,-0.00012454893,-5.3497668e-05,-0.0001380684,-0.00017165292,-0.00015426186,-0.00018633033,-0.00012672709,-0.00014163727,-0.000115266,-5.7822366e-05,-5.4429307e-05
ANT_4_ACU_std,-9.994572e-05,-2.8655006e-05,-4.087057e-05,-4.4752636e-05,-3.9185255e-05,-5.19512e-05,-6.9101676e-05,-9.243403e-05,-6.41072e-05,-7.268346e-05,-1.4277976e-05,0.000106040534,0.000157335,0.000103917264,-6.380159e-05,-8.118939e-05,-5.6159995e-05,-2.8072829e-05,-5.649014e-05,-5.0572533e-05,-4.8997335e-05,-2.5626437e-05,-3.9660463e-05,-9.023297e-05,-7.1165865e-05
ANT_4_ACU_min,-2.2175267e-05,-2.4251218e-05,-6.77358e-05,-3.169215e-05,-1.9417355e-05,-3.6725458e-05,-1.9496572e-05,-3.5166413e-05,-3.3559987e-05,-1.67734e-05,-1.5409689e-05,-5.205336e-06,2.1396984e-06,-5.0555877e-06,-1.2906217e-05,-4.7108195e-05,-3.975223e-05,-8.299507e-06,3.4293113e-05,-3.112573e-05,5.543911e-06,-4.4577362e-05,-9.927634e-06,-5.262638e-05,7.1442314e-06
ANT_4_ACU_max,-2.1346395e-07,-2.8904678e-06,-1.32724745e-05,-3.6829867e-06,-2.148154e-06,-9.985275e-06,-3.073291e-06,-1.4456601e-05,-7.316982e-06,-3.4349168e-06,2.0624311e-06,-1.9585192e-05,-1.9585192e-05,-2.6402078e-05,-4.763641e-06,-1.3129981e-05,-2.093612e-05,-7.2443813e-06,-1.15381545e-05,-1.1757825e-05,6.8388124e-07,-8.583859e-06,-1.3641548e-05,-3.8423073e-06,-4.7992535e-06
MODEM__10_IN_mean,-2.1815516e-05,9.6949916e-05,0.00020801023,-0.000117224816,0.0001412773,0.00015786842,-7.656218e-05,-3.5987574e-05,1.4957266e-05,-2.972055e-06,-0.00015556785,6.7897345e-05,0.00096206047,0.00052333024,-3.1420488e-05,2.5021105e-05,-8.211522e-05,-0.00018046486,-0.00013100785,1.7750252e-06,4.371331e-06,-3.1269992e-05,-1.7414277e-05,-3.9630326e-05,-4.319979e-05
MODEM__10_IN_std,0.00052536384,-4.4402652e-05,1.248097e-06,-5.5192497e-05,-4.7165548e-05,-4.4119162e-05,-2.9816976e-05,-0.00012597357,-4.448289e-05,-5.875413e-05,-1.8506189e-05,0.00094934093,0.00015568905,5.9392147e-05,0.00042832104,0.0003822801,1.25101915e-05,-2.2030772e-05,-3.482312e-05,-2.6769769e-05,0.00010702861,-8.068723e-07,-2.9062247e-05,-2.6860548e-06,1.6163072e-05
MODEM__10_IN_min,-9.805857e-05,-8.439981e-05,8.076615e-05,-0.000115705014,-4.243372e-05,-1.1568228e-05,-8.935243e-05,-9.846457e-05,-8.069917e-05,-0.00010175753,-0.00017092096,0.0012014084,0.001330508,0.0016304909,0.00069442973,0.00078562606,-0.00026046805,-0.00017486693,-0.00014674744,-0.00016250012,-8.797788e-05,-0.000116878306,-8.4577165e-05,-8.686971e-05,-4.398469e-05
MODEM__10_IN_max,3.887121e-05,7.782658e-05,4.7683748e-06,2.412418e-05,1.7225944e-05,2.9342982e-05,-3.2192725e-05,7.5952453e-06,-9.9564604e-05,0.00028885796,-5.6312915e-06,6.790599e-05,0.000504737,-7.6747456e-05,-6.40088e-06,-8.256714e-06,-1.3054188e-05,4.25611e-05,1.4973333e-05,-4.190105e-05,-5.4478212e-05,-0.0001273701,3.3352517e-05,-3.613748e-05,-4.3312313e-05
MODEM__10_OUT_mean,0.00011356237,-0.0005755627,0.0006711901,-0.00046384908,-0.00025949138,-0.00041885875,0.00066980283,0.0006730282,-0.00042730026,0.00010402466,0.00011775935,0.0007157645,0.000615418,0.0004583075,0.00063233636,0.00084731635,0.00047944864,0.00036961344,0.0004574322,0.00053985044,0.00019848955,0.0002848117,-0.0002913834,-0.0005491187,-0.00037901083
MODEM__10_OUT_std,4.890672e-06,7.7842715e-06,1.6409394e-05,-4.163315e-05,-2.0269244e-05,-2.0414469e-05,2.815685e-05,0.00033707055,-3.670557e-05,1.176881e-05,9.108717e-05,0.001083392,0.00095063495,0.0010889006,0.00039596943,0.00012629536,0.00024938362,0.00018998804,-0.00034870373,-0.0002646381,-0.00011408721,9.330737e-05,5.0481885e-05,5.741642e-06,6.284462e-05
MODEM__10_OUT_min,4.856134e-05,-0.00033384745,1.9230538e-05,-0.0003627207,-9.936494e-05,-0.000115031224,7.764492e-05,0.0015353699,-0.000206433,-6.9585425e-05,-0.0001813185,0.001093891,0.0013893706,0.0012703997,0.0014267262,0.0016909265,0.0010211816,0.00028196882,7.4072035e-05,7.169211e-05,0.00014448825,9.037368e-05,4.308387e-05,-0.00028497324,-0.0004040104
MODEM__10_OUT_max,0.000112649606,-0.00013807503,-0.00015694706,-0.00010092939,-0.00015848539,-0.00018303531,-0.00010469866,-0.00013694333,-0.0001628642,-6.810962e-05,-0.00012937724,0.0003247775,0.000390411,4.7461483e-05,0.00014826725,0.00024455122,0.00014086037,0.00044662214,0.00028585453,0.0006475867,0.00049837935,-0.00016695562,-0.00027918993,-0.000121101155,-0.00017740212
MODEM__11_IN_mean,-9.450531e-05,-0.00014735825,-0.00011550497,-0.00014935997,-0.00011170829,-0.00013802006,-0.00016245454,-0.00010900978,-0.000103291764,-0.00014743344,-0.00014992795,3.53482e-05,0.00023696199,-2.2853283e-05,4.938877e-05,0.00036132056,0.00016468801,2.6665637e-05,-8.434655e-05,-7.0367954e-05,-0.00010600021,-0.00014722784,-9.88719e-05,-3.6161597e-05,-4.0110226e-05
MODEM__11_IN_std,-5.7401336e-05,-0.00025261505,-7.892285e-06,-0.00021476901,0.0022201831,-0.0001218284,-0.00021772509,0.00014591901,-0.00015313718,-0.00018960047,0.00049135246,0.0008910561,-0.00014009961,0.00082930905,0.0003641933,-0.000121532015,-0.00035389923,-0.00023846232,-0.00024436208,2.6524029e-05,0.000109767134,-0.00019635296,0.00114736,-0.00016041614,0.0011840978
MODEM__11_IN_min,-0.00029200607,-0.00027377383,-0.0002892138,-0.0002511423,-0.00034591986,-0.000276605,-0.00030100124,-0.00032818704,-0.00030983548,-0.00032729984,0.0026151915,0.0026523045,0.002567505,0.002570831,5.3485524e-05,0.0002638999,6.3175816e-05,0.0002066259,-0.00020314178,4.2130734e-05,-0.00024088367,-0.0004521037,-0.00027754914,-0.00028642177,-0.0002694548
MODEM__11_IN_max,2.0720252e-05,-8.804022e-05,-8.8665365e-05,-0.000109696535,-0.00011290025,-6.286159e-05,-5.9067614e-05,-9.493809e-05,-5.5436543e-05,-5.7993984e-05,-8.387756e-05,-0.00011736453,0.0006807674,7.274997e-05,-1.928857e-06,0.00010672448,-2.9734116e-05,-3.6193862e-05,-8.653576e-05,-4.0125105e-05,-0.00012189383,-0.000104661995,-7.476628e-05,-4.201258e-05,-6.712648e-05
MODEM__11_OUT_mean,-0.000119295255,-0.0001354042,-0.00014273993,-0.00015357204,-0.00012523685,-0.00014123878,-0.00017878097,-0.00016671182,-0.00012711086,-0.0001184811,-0.00031003496,0.0021266085,0.0020969054,0.002020302,-9.003694e-06,-8.019321e-05,-0.00014703673,-0.00019834272,-0.0001898208,-6.067232e-05,-0.000114325194,-0.0001234586,-0.00018107773,-0.0001256481,-0.00012329394
MODEM__11_OUT_std,0.0001452006,-0.00012366998,-0.00015009665,5.839741e-05,4.6607838e-05,6.097594e-05,-7.360352e-05,-1.9688346e-06,3.2323605e-05,-0.00014317321,1.0804982e-05,-0.00012465226,-5.3760443e-05,5.5646713e-05,7.197947e-05,0.00013731516,9.827584e-05,0.00013267573,0.00011386695,9.623622e-05,0.00011437897,-0.00024141093,3.2627566e-05,-4.1605665e-05,0.000357638
MODEM__11_OUT_min,-0.00072147965,-0.0010963876,-0.0009925712,-0.0009981656,-0.0009899177,-0.00078250415,-0.0008878607,-0.00065418624,-0.0010321877,-0.0010588722,0.004988251,0.010065503,0.011447632,0.010973024,-0.0013125122,-0.0007351675,-0.0012841963,-0.0009133733,-0.0011389013,-0.0009777686,-0.0007459999,-0.0006177381,-0.0005289115,-0.00055505673,-0.0005164765
MODEM__11_OUT_max,3.5325847e-05,-0.00017367906,4.0949057e-05,-8.632281e-05,-7.633823e-05,-0.00014097091,-0.00017188305,1.0345213e-05,-0.00017933655,-0.000107412234,-4.124459e-05,0.0016706412,0.0008086615,0.0007230772,0.0004508863,0.00010987738,0.00015709047,0.0001833049,-1.5259529e-06,-0.00018200681,-0.00011606935,-9.255878e-05,-0.00014659677,8.408114e-05,-0.000112334084
MODEM__14_IN_mean,0.0011797348,0.0013237701,0.0012438308,0.001226464,-0.0002528826,-0.00022605996,0.0011513236,0.0011721674,0.0005866088,0.00025826143,0.00022744571,0.0006541272,0.0006331367,0.00049196434,-0.00020560996,-0.0002887092,-0.0002523845,0.00024168122,-0.0002566982,-0.00027455372,-0.00026404168,-0.00030174133,-0.00033108337,-0.00032596992,-0.00031092868
MODEM__14_IN_std,0.0008814988,0.00095503195,0.00094011304,0.0007177538,0.0008032976,0.0010468203,0.00081668154,0.0011520615,-2.134131e-05,-2.4773193e-05,-0.0005044206,0.0005511444,1.0944761e-05,0.0005770587,-0.00013099835,-0.00016328912,3.7049023e-05,-0.00016454647,1.1267439e-05,-0.00013238276,-7.846204e-05,-2.8117192e-05,-8.5682324e-05,-8.229207e-05,-6.8610716e-05
MODEM__14_IN_min,0.0019673898,0.0021042093,0.0019947335,0.0023326378,0.0023995158,0.0023710642,0.0020371869,0.0032252981,-0.0006176283,-0.00054210826,-0.00050613086,0.0017760261,0.0016560847,0.0016980229,-0.00049765175,-0.0005008189,0.0002284335,0.00033945692,-0.00044262517,-0.00046147907,-0.00052111346,-0.000632683,-0.000604187,-0.0007453512,-0.0008461759
MODEM__14_IN_max,-4.185032e-05,0.00041605686,0.00040931944,0.0003338981,0.00023087343,0.00020188249,0.0004782975,0.00059273356,0.0003941688,0.0003061235,0.00023498772,0.00025214028,0.0002680572,-5.916348e-05,-5.763911e-05,2.3483104e-05,-7.8576355e-05,-0.00012628803,-4.3818036e-05,-6.724601e-05,6.5319415e-05,-6.0005437e-05,-9.013122e-05,-6.663084e-05,-1.9485838e-05
MODEM__14_OUT_mean,0.0041039437,0.0041795685,0.003913333,0.004032983,0.0037703323,0.0039673224,0.005931716,0.0034748747,0.0036899538,0.00376109,0.0040433477,0.0029065402,0.006093664,0.0058070873,0.004376823,0.0037950724,0.00439149,0.004494588,0.0037713503,0.0038977852,0.0039610327,-0.0019270297,-0.0017715654,-0.0017637041,-0.0018549621
MODEM__14_OUT_std,-3.9672257e-05,-9.970905e-05,-0.00010255931,-5.252423e-05,-6.9226124e-05,-9.667538e-05,2.043617e-05,8.336198e-05,-0.0001510464,-9.694462e-05,-0.00021433223,-0.0004449086,-0.00034890158,-0.00049014046,-0.00021046809,-0.0002725546,-0.00011876057,-0.00011262213,-8.0138e-06,-0.00012579,-4.3449716e-05,-0.00013168374,-0.0001686554,-4.8005328e-05,-8.106445e-05
MODEM__14_OUT_min,0.0063050673,0.006285213,0.00623574,0.0061152023,0.00610151,0.0059710336,0.0065411585,0.0056279963,0.0060700234,0.005861486,0.0070444606,0.0077932025,0.007564304,0.007905459,0.0060599097,0.0068336255,0.0059229354,0.0064598303,0.0062052226,0.0060234996,0.002588252,-0.002720001,-0.0027166607,-0.001959562,-0.0020604494
MODEM__14_OUT_max,0.00058571855,0.00053815957,0.00057621294,0.0005168923,0.0005492545,0.0005882442,0.0010723467,0.001076693,0.0005902057,0.00047955217,0.0001509094,9.789349e-05,5.4249587e-05,-8.9084075e-05,0.0004768008,0.000415668,0.00054300105,6.6797315e-05,3.771602e-05,0.0004350971,0.00045178077,-0.0002599658,-0.00028664485,-0.00027648368,-0.0001291637
MODEM__16_IN_mean,0.00033858442,0.00013489618,-0.00038044003,1.9679566e-05,-0.00041827385,-0.00043674465,-0.00052685174,2.741623e-05,0.00044613576,-0.00045272923,-0.0005168262,0.00339718,0.0033887678,0.0032023212,-0.0005697948,-0.0009867535,0.00044072798,0.0005448289,0.00057215197,-0.0006539499,-0.00051208044,-0.00013951301,-0.00027989835,-0.0002229328,-0.00018075897
MODEM__16_IN_std,-8.2644656e-05,-8.5548236e-05,-6.575016e-05,-6.8355526e-05,-5.7761892e-05,-9.7109245e-05,-7.381584e-05,-9.1168644e-05,-9.552388e-05,-5.492676e-05,-0.00019672993,0.0038238363,0.0030494914,0.0027449415,-0.00014027346,-0.0003105269,-0.00025308246,-0.00023926012,-0.00018317955,-0.00015840693,-6.092108e-05,-0.00010436547,-9.254005e-05,-0.00011980864,-9.8268574e-05
MODEM__16_IN_min,-0.0001622185,-0.00014315773,-0.00015568177,-7.935309e-05,-0.0002348632,-0.00023524002,-0.0002217349,-9.353343e-05,-9.9286146e-05,-0.00022242453,0.00014409873,0.0030931006,0.003176786,0.0027905875,-0.00028181745,-0.00029232897,0.00021967226,0.00054580334,0.0008011385,-0.0003067837,-0.00034166963,-0.0002588791,-0.00016810004,-0.00020276025,-0.0002820732
MODEM__16_IN_max,0.00020128295,9.767024e-05,-3.87827e-05,-2.8678336e-05,5.781584e-06,-6.557904e-05,-4.577381e-05,0.000106564374,0.00041822752,0.00030827726,-0.00014585341,-0.00026257528,3.8996557e-05,-0.00019743024,-9.277345e-05,-6.311398e-05,-7.229436e-05,-0.00021554339,-0.00012371883,-0.00012903589,-6.569613e-05,-0.00011110766,-0.000103279264,-0.00011311489,-4.952904e-05
MODEM__16_OUT_mean,-0.00043814632,-0.00034900685,-7.8665274e-05,-0.0003066542,-0.00027567786,-0.0002726967,-0.00016995259,-0.00015366633,-0.00025617177,-4.9574526e-05,-0.00032247405,0.0031926166,0.0024864473,0.0031444875,0.002200953,0.0017227896,0.0021860483,0.0025656817,0.0027776922,0.0012476515,9.393522e-05,-0.00037692365,-0.00025223207,-0.00015903206,0.00016780426
MODEM__16_OUT_std,-8.44175e-05,-0.00022129825,-0.00012119081,-9.723091e-05,-6.709546e-05,2.8227349e-05,9.398712e-05,-0.00011235895,8.199144e-05,-0.00018847598,0.00015798859,0.0029232316,0.0019931262,0.0020752044,8.444205e-05,0.00072692917,6.736453e-05,0.0008200446,-6.348873e-05,-0.00015483589,-0.0001867019,-0.00013252703,-0.00010564165,-0.00013117754,-0.000109768065
MODEM__16_OUT_min,-0.0011270888,-0.0005452202,-0.00062507926,-0.0006714052,-0.000617845,-0.00083229167,-0.0010187674,-0.0012612998,-0.0007951905,-0.0011034884,0.0070728557,0.008065641,0.007467269,0.00728155,0.0053771236,0.005243782,0.0044819145,0.0059810043,0.0061115217,-0.0010775026,-0.0010694772,-0.0011198939,-0.0014047215,-0.0008963043,-0.0011579812
MODEM__16_OUT_max,-3.143303e-05,-4.7186724e-05,-4.8563434e-05,-1.1277502e-05,-5.9351332e-05,-3.78045e-05,-4.869066e-05,0.00016328818,-3.2132408e-05,-2.3341747e-05,-6.444016e-05,-1.0670001e-05,-3.9379942e-05,-0.00012509794,1.0523997e-06,-1.7919125e-05,-8.595779e-06,-8.659882e-05,-3.2352888e-05,-1.5383763e-05,-5.604226e-05,-4.2655207e-05,-4.4766944e-05,-1.8833105e-05,4.9679198e-05
MODEM__22_IN_mean,-7.766133e-05,-5.9302783e-05,-3.445471e-05,-8.7078406e-05,-0.00016542892,-2.6317355e-05,-5.8553098e-05,-3.298116e-05,-2.1106262e-06,-3.0621562e-05,0.0007764774,0.0010246575,0.0017512682,0.0004090746,-0.00015353048,0.0001962194,-0.00018040165,2.4278577e-05,-0.00013489812,-0.00017565496,3.739939e-05,-0.00013842672,-9.5247946e-05,-0.00015115447,-0.0001754666
MODEM__22_IN_std,9.247228e-05,4.7945127e-06,1.4765706e-06,-5.791219e-05,-1.4076769e-06,1.4136832e-05,-1.8074239e-05,-5.3982776e-06,-4.9900616e-05,0.00020561475,2.16295e-05,5.2599207e-05,8.406787e-06,-3.9873434e-05,-5.0754246e-05,-2.2589393e-05,-0.00023896083,-7.363921e-05,-7.341512e-05,3.801416e-05,7.422107e-05,-0.00010395042,-4.6188467e-05,3.1295964e-05,4.3951393e-05
MODEM__22_IN_min,0.00015195522,-0.00014063467,-0.000123831,-0.00016267804,-0.0002457531,-1.5655325e-05,-0.00015138614,-0.00018136072,-7.235413e-05,6.814701e-05,0.0017197612,0.0012879355,0.0014195278,0.0014799215,-7.177404e-05,2.348771e-05,-0.00017160244,-0.00015875995,-0.00017269189,-3.9652226e-05,2.6055635e-05,-0.00017575099,-0.00011179404,-0.00034697252,-6.839271e-05
MODEM__22_IN_max,-3.5798275e-06,3.9096823e-05,5.3458956e-05,2.0531905e-05,3.7834263e-05,-0.00020525638,3.4474448e-05,4.4282435e-05,7.342557e-05,0.00018803298,-1.35400405e-05,6.567142e-05,-1.0385973e-05,3.1220352e-05,-8.870536e-05,2.456438e-05,4.212378e-05,4.7947415e-05,1.1601833e-05,-7.2892384e-05,6.7286914e-05,-3.910473e-05,-6.312548e-05,0.0004328747,0.0001888146
MODEM__22_OUT_mean,0.0015926656,0.0015108499,0.0013594284,0.0013369846,0.0013737656,0.0016451402,0.0022957283,0.002378635,0.0013335405,0.0013454246,0.0015772814,0.0019033793,0.0015146495,0.0016015043,0.00177773,0.0015845523,0.0013024092,0.0018344247,0.0013128206,0.0016062487,0.0015704366,0.0012441511,0.0012675435,0.0021230218,0.0020436565
MODEM__22_OUT_std,1.25186625e-05,2.0009895e-06,-5.099156e-05,-4.7793837e-06,-3.46116e-05,3.9714094e-05,-1.6430859e-05,2.8000434e-06,-4.0972127e-06,-1.215886e-05,0.00026615016,0.00014931898,0.000102237274,3.018453e-05,-6.306664e-06,5.387684e-05,5.5038918e-06,0.00013849969,4.476045e-06,1.7885213e-05,2.6238577e-05,1.3262e-05,-1.066114e-06,-1.1748743e-05,-7.406495e-06
MODEM__22_OUT_min,0.0028641478,0.0037569143,0.003606825,0.0026443263,0.0025632873,0.0028872162,0.0029800057,0.0040008104,0.0027048166,0.0026034743,0.0032213281,0.0056207026,0.0034524659,0.0037875315,0.004055761,0.0038091277,0.0035685708,0.003520819,0.0030725154,0.00375274,0.003771208,0.0024027056,0.0025608754,0.0026962329,0.0026235033
MODEM__22_OUT_max,-5.1778883e-05,0.00034918915,0.00035747729,-6.7924106e-05,-8.698209e-05,-9.019685e-05,-0.000121975274,-9.959869e-05,-7.290083e-05,-0.00013567504,-0.000119810866,-0.00012767968,-0.00012446503,0.00026762724,0.00032272367,0.00025604627,0.00025836015,0.00029986296,0.00029704382,0.00031295663,0.00028490898,-0.00010507602,-0.00010838948,-0.00011452851,3.6174138e-06
MODEM__23_IN_mean,1.2156916e-05,0.00016583403,1.0314186e-05,0.00059313787,4.680453e-05,0.00014701115,-5.807474e-05,-6.304287e-05,0.00010695599,0.00072682375,0.00055065803,0.00091463473,0.00096213655,0.0009850019,0.00037723422,0.0002848326,0.00019549351,0.0003565535,0.00036927153,0.00048506635,0.00050772814,5.9547907e-05,0.0004942273,0.00068200455,0.00069802784
MODEM__23_IN_std,-5.06939e-05,-5.065012e-05,-0.000104598446,-5.2762138e-05,-4.9121358e-05,-4.173168e-05,3.1757136e-05,5.331224e-05,-5.760484e-05,-9.996352e-05,0.00075678347,0.00037970167,0.0009346445,0.0010598341,-0.00020453577,-2.9810468e-05,-0.00030374422,-0.0002958322,-2.6305432e-05,-0.0001106976,8.30988e-05,-8.0691585e-05,-0.0001103547,-0.00010696026,-3.1090262e-06
MODEM__23_IN_min,-0.0002650644,-0.0002516762,-0.00043706998,0.00086545845,-0.00023379608,-0.00019921805,0.0009923588,0.0003498178,-0.00038280286,0.0010789688,0.0010025799,0.00084268604,0.0009868359,0.0007772709,0.00051837973,0.0004836717,5.249702e-05,0.00026459954,0.00087675167,0.0006369736,0.0012643312,0.00069244974,0.00010585456,-0.00024086723,0.0012539126
MODEM__23_IN_max,-8.630556e-05,3.2751646e-05,-4.322398e-05,-7.401366e-06,5.031295e-05,-4.7065147e-05,-4.469962e-05,-2.3267883e-05,-2.3740584e-05,0.00013480877,3.615233e-05,0.00012154057,7.3882715e-05,5.7100475e-05,9.0356065e-05,4.2440442e-05,-3.8513364e-05,5.003174e-06,-2.118369e-05,9.7366246e-05,-2.3103712e-05,-9.264895e-05,4.339436e-05,-2.7522412e-05,-7.696449e-05
MODEM__23_OUT_mean,-9.99026e-05,-0.00014596697,-0.00011437973,-0.00013573751,-2.4280946e-05,-0.00015689792,5.9856196e-05,-0.00014096884,-0.00012838382,0.00024897544,0.00014854681,0.0011213574,0.0011292062,0.0008584308,8.9553694e-05,-5.9731454e-05,7.46087e-05,1.2828023e-05,5.6467394e-05,4.5279397e-05,-0.0001509837,-0.00014943638,-0.00012912357,0.00017539067,-0.00024721466
MODEM__23_OUT_std,0.00021161095,0.00013755827,-2.7402332e-06,4.1580413e-05,-0.0001194372,-6.069059e-05,-3.2701217e-05,-3.111351e-05,-4.2954824e-05,-6.4552056e-05,-0.00016098509,-2.3911982e-05,-7.091825e-05,2.706644e-05,2.7396207e-05,-6.5772816e-05,-9.360974e-05,-7.584626e-05,-6.888715e-05,-5.7911024e-05,-6.271107e-05,-6.963855e-05,0.00043809327,-5.7348185e-05,0.00057708396
MODEM__23_OUT_min,-0.00028828025,-0.00026291245,-0.0002588681,0.00033578306,-0.0002922573,0.0007882878,-0.000305572,-0.00017147658,-0.00018243009,0.00069357234,0.0017693191,0.0013808794,0.00220858,0.0022752497,0.0008768545,0.00075325294,0.0002691919,0.0020456447,0.00043044973,0.00094565126,0.0007693126,-0.00022088093,-0.00024731903,-0.00028630826,0.0011277945
MODEM__23_OUT_max,-0.00018450507,-0.00015775279,-0.00016653865,-0.00016260118,4.9434235e-05,-0.00017006126,0.00014195032,-0.00018887475,-0.00013774188,9.281869e-05,0.00018672217,5.6360215e-05,-1.0491988e-05,-4.899645e-05,0.00022164118,-0.00013805412,0.00013375396,6.929751e-05,-0.00013030205,-0.00013861226,-0.00016529785,6.213244e-05,-0.00019899005,0.0002099348,-0.00011378143
MODEM__24_IN_mean,-3.5919325e-07,-6.115989e-05,-1.2195845e-05,-0.000121094716,-4.9216887e-05,-3.8247814e-05,-4.8600145e-05,-4.1864005e-06,-0.00013544792,-2.4626426e-05,-0.00023990417,-4.4119544e-05,-9.0383925e-05,-7.6828066e-05,6.0321803e-05,6.571393e-05,8.509292e-06,-0.00017178146,-3.0232091e-05,4.4490782e-05,9.614906e-05,-0.00013937961,-0.0003076786,-0.00011151144,-9.36308e-05
MODEM__24_IN_std,2.4237592e-05,2.2612074e-05,4.2479453e-05,-0.00012399987,0.00017150928,-6.4388725e-05,0.00028239697,-8.406553e-06,3.531971e-05,2.4993764e-05,3.6778063e-05,0.0006829368,0.00045369033,0.00013335964,-0.00017786723,-7.8962796e-05,6.5161534e-05,-0.00012468213,0.00022195053,-4.9680923e-05,7.368294e-05,4.353087e-05,-3.3746878e-06,1.375138e-05,7.5937106e-07
MODEM__24_IN_min,-0.00016278285,-0.00017124589,-0.00013350918,-0.00028062315,0.00043093297,-0.0002805114,0.0009560797,-0.00024045748,-0.00017815232,-0.00028219397,-0.00021203977,0.0005431345,0.0005095003,0.0004108003,-0.00016071663,-0.00016575035,-0.00018066334,-0.0002087932,0.0009486039,-0.00020102171,0.0008762286,-0.00015060052,-0.00021092434,-0.00035280036,-0.0002978048
MODEM__24_IN_max,-0.00022937897,-0.00026816802,6.9541755e-05,0.00023448879,0.0010955238,-0.00026810326,-0.00024842116,-0.00021916491,-0.00026172868,-0.00031616594,0.00043963292,0.0001410108,-0.00016523352,-0.00019363566,-0.00015170558,-0.00021595706,-0.00027902136,-0.00036813974,0.00015119434,-0.0003394057,-0.000117992146,0.0011321277,-0.00038238146,-0.00032268665,-0.00032556753
MODEM__24_OUT_mean,-0.0003987058,-0.00059231854,-0.00045743297,-0.00055899937,-0.00042453312,-0.0005057336,-0.0002574673,-0.00015313833,0.00046596836,-0.00031092876,-0.00056349474,0.002195608,0.0030202104,0.0028340577,0.0024178626,-0.00053487014,0.0021487828,0.0019856489,-0.00021955487,-0.00036245378,-0.00059476553,-0.00061867444,-0.0007384145,-0.0003533836,-0.00023206371
MODEM__24_OUT_std,-0.00015799409,-0.00018266586,0.0011440145,-0.00024075799,-0.0002048963,-0.00023067372,-0.0001983742,-0.00017684251,0.0011844763,-0.00023321433,-9.1314825e-05,3.9395884e-05,-4.334169e-05,-2.993148e-06,-9.421658e-05,-0.00018603318,4.725358e-05,2.225195e-05,7.823293e-05,-0.00025008534,-0.00029296722,-0.00023671961,-0.00029202335,-0.00023225002,-0.0002866655
MODEM__24_OUT_min,-0.0004326985,0.0008543414,-0.0004578324,-0.00041948,-0.0002331158,-0.00042627464,2.3892402e-05,-0.00018085969,-0.00023039363,0.00065734837,0.003027343,0.0046909195,0.0041479426,0.0041011213,0.0033764928,0.00302943,0.0029125514,0.0028946705,0.0028886714,0.0015688821,0.0008275802,0.00070299703,-0.0004893443,-1.10578585e-05,3.2517815e-05
MODEM__24_OUT_max,-0.00014701523,-0.00013169971,0.00108275,-0.00015998342,-8.3377796e-05,-0.0001444458,-0.00016206657,-0.00012836937,-0.00010887463,-0.00018508699,-0.00015219866,0.0004053016,0.00035408232,0.00037113653,0.0009921934,0.00037254833,0.00029159233,0.0006683079,0.00020807762,0.0009625832,0.00024911904,0.0003619853,-0.00010774007,-7.915574e-05,-0.00010944707
MODEM__25_IN_mean,-0.00011582946,-9.232531e-05,-8.857373e-05,-9.386634e-05,-0.00010360918,-9.595054e-05,-0.00012232421,-0.00011382756,5.638003e-05,-7.8917954e-05,0.00012007336,0.00032168673,0.00016071746,0.00012039184,0.00037964009,0.0002780553,0.00024200375,0.00015817753,0.00022145206,-5.443537e-05,0.0003532545,-8.247489e-05,-9.7733086e-05,0.00041617328,0.00014900736
MODEM__25_IN_std,-0.00016264025,-0.00011646355,-0.00013285731,-0.00019013611,-0.00011444148,-0.00011812137,-0.00012671866,-9.424702e-05,8.2292165e-05,-0.00012408251,-4.6590016e-05,0.0019392052,0.0017295147,0.0016776425,0.00014013093,-0.00014935044,-9.3054914e-05,-0.00014609218,-0.00017894061,-0.00017973821,-0.00019065947,-0.00011234521,-0.0001394338,0.00022169184,-0.00011484788
MODEM__25_IN_min,2.9773184e-05,-3.866634e-05,-6.410438e-05,-2.4879806e-05,-2.4374245e-05,-2.8643193e-05,-4.2301388e-05,-5.4601733e-05,-9.5753174e-05,-2.6725274e-05,-0.00025619418,0.00037355072,0.00043962486,1.2680599e-05,0.00012004923,-3.0571111e-06,2.7873048e-05,1.2744633e-06,0.000111943984,-4.165006e-05,-3.6080016e-06,-3.2673903e-05,1.792736e-05,3.2434407e-05,-6.545275e-05
MODEM__25_IN_max,-0.00024275166,-0.00020958147,-0.00025332294,-0.00024911482,0.00042598436,-0.00022247716,-0.00015382766,-0.0004373239,0.00039047876,-0.0002445065,-0.0002430669,0.00036899938,0.0005225152,0.00032831752,0.0005709745,0.00020108787,0.00036022425,-5.2602874e-05,0.00032595434,0.0001469592,0.0005038301,-0.0001229034,-0.0003881535,0.0002929191,-1.0452086e-06
MODEM__25_OUT_mean,-0.00014095209,-0.00012908039,-2.2920358e-05,-2.492284e-05,-5.774878e-05,-6.054576e-05,-6.2299885e-05,-1.19141805e-05,-1.10946385e-05,-3.8744827e-05,-8.526378e-05,0.0020632078,0.0020454582,0.002016469,0.00023559664,0.00013311798,0.000490037,0.0008699489,0.0010872685,0.00028779538,0.00024718532,-6.208222e-05,-2.8118779e-05,-7.280195e-05,-8.757315e-05
MODEM__25_OUT_std,-7.375669e-05,-6.907573e-05,-9.275459e-05,-8.1628714e-05,-0.000109562585,-0.000139436,-0.00012052664,0.0001866464,0.00017820651,-9.383687e-05,-0.0002311746,0.00043290592,5.2476935e-05,0.00022327635,-0.00010648839,-0.00017864116,-7.8795805e-05,-8.098365e-05,-5.371926e-05,-0.00011590754,-0.00010646781,-0.0001494268,0.0001300994,-3.2551023e-05,-5.466445e-05
MODEM__25_OUT_min,-0.00056886143,-0.00058123557,-0.000455448,-0.00049917673,-0.00051904493,-0.0005690748,-0.0008088414,-0.00061643793,-0.00020566265,-0.00060831785,0.0038758086,0.0062949383,0.003956275,0.0042705177,0.00025667253,-3.215091e-06,0.0017809916,0.0019533664,0.0015705868,-6.477628e-05,0.0016216331,-0.00059087493,-0.0002545133,-0.0005661602,-0.0006580921
MODEM__25_OUT_max,-7.972139e-06,-8.362565e-05,0.0004292449,-0.0002602935,-0.00012375691,-0.000110163535,-0.000108556924,-4.1762694e-05,-8.827381e-05,-8.840281e-05,-8.8396875e-05,0.004401101,0.003490148,0.0034856019,0.0026320356,0.0003058768,0.0027396395,0.002308456,0.0026397228,0.0026293285,0.002725381,-8.5779684e-05,-0.00012139424,-0.00012626243,-0.00013917404
MODEM__26_IN_mean,1.2262354e-06,6.9625276e-05,7.682466e-05,-1.3793791e-05,2.4652223e-05,-1.1140768e-05,-5.0237064e-05,9.516743e-05,5.1376726e-05,0.0002734121,-3.6907037e-05,0.00012138391,0.0001435857,0.00014102446,0.0001605515,0.00019202268,0.00015845225,0.00013227006,-9.66112e-07,5.3043725e-05,0.00021499702,-2.1910526e-05,2.8289156e-05,0.00022532702,0.0002462209
MODEM__26_IN_std,0.0004532433,-0.00057018775,-0.00056284055,-0.00056003605,-0.000654373,-0.0006012521,-0.00057484565,0.0001686854,-0.00072391395,-0.00021159637,0.0010591452,0.00079126825,0.0020348863,0.0017527714,0.0002962209,0.00043577966,-0.0030438288,0.0012830043,0.0010145782,-0.00021570461,0.00021117706,-5.5376382e-05,5.883615e-05,-0.00040720476,-0.00010333841
MODEM__26_IN_min,0.001353712,-0.00019442111,-0.00019969925,-0.00023445173,-0.00021559253,-0.00023964656,-0.00030776643,-0.00011295269,-0.00022684647,0.00011772798,0.0018472698,0.001725292,0.0022227417,0.0027461306,0.0013719973,0.001677068,0.0013599863,0.0016130859,0.0012911716,-0.0003316741,0.0021371408,-0.00033816622,-0.00043297952,-0.00030481393,0.0021567454
MODEM__26_IN_max,9.933279e-05,-2.2611457e-05,-1.9076617e-05,-1.6176271e-05,-2.1136313e-05,-8.026e-06,1.4781112e-06,-3.437552e-05,3.2480275e-06,-5.482834e-07,-7.795028e-05,5.0013892e-05,-4.974575e-05,-8.9211775e-05,2.3230714e-05,-4.987413e-05,-8.095132e-06,-2.5823976e-05,-2.8217524e-05,-3.1766373e-05,-3.3441593e-05,-5.5267592e-05,0.00047771545,-2.0928135e-05,3.169694e-05
MODEM__26_OUT_mean,0.0008253832,-8.359165e-05,0.00010359646,-0.00011149874,3.6051188e-05,-3.821633e-05,-8.38862e-05,-7.577472e-05,-0.00012924621,8.695754e-05,-0.00011442964,-7.773919e-06,3.0652314e-05,-1.5607457e-05,3.3794757e-05,-8.562644e-06,0.00014322206,0.00016051391,2.0147463e-05,-1.067051e-06,0.000105218816,0.0001837462,-0.00015825599,-2.0039553e-05,-2.3001427e-05
MODEM__26_OUT_std,-0.00010650842,-7.785283e-05,-0.00013400211,-0.00012160905,-7.452634e-05,-0.0001753627,-0.00021762868,-0.0002556698,-0.00022729841,-0.0001246677,0.0008758254,0.00050841435,0.0005165664,0.00047468796,-0.00017615793,0.0007703614,0.00022633451,0.0009056327,0.0003870003,-3.2305124e-05,-0.00023200003,-0.00012464027,-0.00016389131,-8.868336e-05,-0.00024376153
MODEM__26_OUT_min,-0.0011075163,-0.0017218392,-0.0012461275,-0.0015595655,-0.0013088045,-0.0015558972,-0.0022863324,-0.0016249497,-0.0015819425,-0.0014760734,0.0070906896,0.0044842563,0.006008591,0.0058525773,-0.0016594585,0.0009112411,-0.0015836749,0.0032246434,0.0032002383,-0.0015626142,0.003201526,-0.0015147524,-0.0021600013,-0.0021225219,-0.002126366
MODEM__26_OUT_max,-5.5616806e-07,-1.5299973e-05,3.9609336e-06,-8.14045e-05,-4.6973313e-05,-6.897262e-05,-0.00010112548,-0.00013026847,-1.1057267e-05,1.5101714e-05,-1.038155e-05,-0.00021342898,-0.00017884758,-0.00024576354,-0.0001696586,-0.00011809223,-0.00023275311,-9.756728e-05,-0.00024743975,-0.00010035896,-0.00016573977,-0.0002591805,-1.0043956e-05,4.4692704e-05,-2.5482874e-05
MODEM__27_IN_mean,-4.385667e-05,4.8819595e-05,6.6202454e-05,4.2191014e-06,-6.5294356e-05,-8.732467e-05,-0.00010285556,-9.958841e-05,-0.00014683382,-0.00012115703,-1.1133555e-05,0.0011774156,0.001207693,0.001182398,-9.602036e-05,-0.00010333278,9.448628e-05,-0.00014266283,-8.087357e-05,-6.3608226e-05,-5.275925e-05,-3.958839e-05,-8.177126e-05,-5.7339414e-05,-0.00013094951
MODEM__27_IN_std,-8.397168e-05,-0.00012322035,-9.489821e-05,-7.895958e-05,-7.03732e-05,-0.00012009567,-0.000112139955,-6.5033346e-05,-0.00015565185,-0.00019166687,0.0009431234,0.0006210309,0.00013624449,0.00085604074,-0.00012747491,-3.9111264e-06,-0.00013912973,-0.00015590597,-0.00012632694,-0.00012731139,7.32229e-05,-9.500922e-05,6.224507e-05,-0.00017443913,0.0013395649
MODEM__27_IN_min,-0.00030451055,-0.0002662677,-0.00030383325,-0.0002503247,-0.0002713318,-0.00032341512,-0.00036001703,-0.0003781774,-0.00025217954,-0.00022908572,0.0031261581,0.0035346826,0.0043341503,0.0035685005,-0.0003774249,0.0016535831,-0.00041486465,-0.00030516228,-0.0001790851,-0.0002320742,-0.0002416525,-0.00031067495,-0.00024305032,-0.0002856683,-0.00027223185
MODEM__27_IN_max,-3.7137816e-05,-1.3368768e-05,9.868e-05,-1.8735194e-05,-0.00014387636,-7.781144e-05,-8.868752e-05,-9.410523e-05,-0.00010382408,5.747878e-05,-4.8493897e-05,-0.00013851508,-2.1387046e-05,4.2734778e-06,-0.00022793713,-0.00010104788,-9.5956886e-05,0.0002723711,-0.00020725782,-0.00010803287,-9.4355324e-05,-0.00010368926,-7.938716e-05,-0.000109639164,0.00048807074
MODEM__27_OUT_mean,-5.9475267e-05,-7.6191995e-05,-0.00010170788,0.00076236564,-7.826047e-05,-7.513026e-05,0.00011662554,-9.159899e-05,-7.537178e-05,-7.5979566e-05,5.915199e-05,0.00014303389,0.00015019547,-3.5000427e-05,7.078984e-05,-2.6065303e-05,6.180011e-05,6.122691e-05,9.735406e-05,-1.3576328e-05,-0.000107803455,-6.14234e-05,-6.32436e-05,-2.1357228e-05,-4.774276e-05
MODEM__27_OUT_std,-0.00013825542,5.7034667e-05,-1.0442026e-06,-0.00013422966,3.8408347e-05,-0.00013965674,-6.383905e-05,-0.00012475718,-3.9913502e-05,-5.1173614e-05,0.0014064588,0.00036089768,0.0005117684,0.0008604666,-0.0001483629,-0.0001541319,-0.00015066001,-0.00016848673,-6.756086e-05,-5.542981e-05,-0.0001577654,-5.921312e-05,-6.159171e-05,-3.8599796e-05,-5.765555e-05
MODEM__27_OUT_min,-0.00011073291,-0.00011135062,-0.000102818325,-9.6018484e-05,-8.370466e-05,-6.771222e-05,-0.00010431615,-9.022552e-05,-8.118383e-05,-0.00010181437,0.001620191,0.002269647,0.0023047293,0.001970784,0.0010274961,7.599959e-05,0.00023427306,0.0008302656,-3.242289e-05,-6.755774e-05,-8.794678e-05,-0.00014462494,-7.689594e-05,-9.619207e-05,-0.000120077224
MODEM__27_OUT_max,-0.00010923937,5.595761e-05,1.1356858e-05,-8.729548e-05,3.7380214e-06,-8.5436914e-05,-4.4330528e-07,1.4412327e-05,-4.4525426e-05,5.7200938e-05,1.2595242e-05,0.00032054083,0.00024075698,0.00026963308,0.000117964926,-1.8932571e-05,2.5242593e-05,5.044851e-05,-8.877868e-07,-1.427138e-05,1.688788e-06,-9.34843e-06,2.2026157e-05,9.724058e-06,1.4449369e-05
MODEM__28_IN_mean,-0.00014476501,7.846229e-05,3.993853e-05,-0.000118673226,-0.0001928602,-5.841811e-05,0.00032714423,-0.00026374022,0.00017427196,-0.00010743874,0.00023276755,0.0011762753,0.0013791374,-0.00015872004,2.3307242e-05,-3.6111116e-05,-0.00020679653,-0.00022799146,1.9967687e-05,-4.2365344e-05,0.00068456755,-0.00020829971,-4.0514304e-05,-0.00024019457,-5.1632705e-05
MODEM__28_IN_std,-0.0001043321,-5.5052882e-05,-9.846648e-05,-6.6770954e-05,-9.06704e-05,0.0001268223,0.00033187348,-5.2418593e-05,-0.00010282756,-4.353302e-05,0.000113732,3.5313242e-05,-0.00016299178,0.00016922128,-3.127736e-05,-0.00015001674,-9.855581e-05,-2.9884544e-05,-0.00010368904,4.7615176e-05,-0.00017919151,-0.00013331677,-3.776778e-05,-7.394796e-05,-6.1692e-05
MODEM__28_IN_min,-7.4201766e-05,-8.0475744e-05,8.064543e-05,-0.00012065087,-3.4443765e-05,-0.000106275846,-0.00013441933,-4.2534903e-05,0.00020362565,-0.00013096114,0.00026250444,0.00032440558,0.00038244383,0.00013968187,0.00041036893,-4.5852248e-05,-7.656899e-05,-8.114872e-05,-1.932563e-05,5.3378284e-05,-7.0927854e-05,-4.798188e-05,-0.00011549804,-0.00013143614,-5.5664765e-05
MODEM__28_IN_max,-8.904977e-05,6.0644255e-05,0.0006999366,-0.00015584746,-0.00033104754,0.0012914833,0.0021895547,0.0024733595,0.0012552403,0.00075569627,-0.0003817578,0.00036883185,0.000905716,-0.00023226054,0.0008203428,0.0007126018,-0.0006390632,-0.00036691077,-0.00024217751,0.0008935802,-0.00045743317,-0.00074798556,-9.6452415e-05,0.0010965251,0.0017943584
MODEM__28_OUT_mean,-0.00020683906,0.0012223823,0.0010260388,-0.00018186955,-9.150466e-05,-0.00021437519,0.0006446399,-0.00028937406,0.00094530295,0.00041075368,-0.00037079744,0.0012502508,0.0010702359,0.001052186,0.00072842295,0.00013623826,-0.00021630366,0.00018583534,0.0005822836,0.00036515557,-0.00021709519,-0.0002593582,0.00012463248,-0.00031997252,-0.00025047714
MODEM__28_OUT_std,-5.6385597e-05,-0.00010579852,-6.748375e-05,3.9997616e-05,-2.1397303e-05,5.313137e-06,0.00014044641,-0.00011568902,0.00014818752,0.0002342423,5.302881e-05,0.0001460673,0.00013103195,0.0007055227,-7.909316e-05,-5.6423964e-05,-0.0003050591,0.0005645873,-6.617536e-05,0.0002821882,-8.496609e-05,-0.00013129185,0.00031871488,0.00036241568,-0.00014955031
MODEM__28_OUT_min,0.00045908274,0.0008278562,0.00075144897,0.00027085486,-0.00015328241,0.000431874,0.0009882358,-0.0005318862,0.0010642566,0.0014393291,0.0006105255,0.004013006,0.0058629196,0.0052279686,0.0009261752,0.00080286484,-0.00079101045,0.0012979989,0.0006202778,0.0008225319,-0.00077815953,-0.0007588873,0.0011196535,0.00075270125,-0.00057906663
MODEM__28_OUT_max,-0.00012675185,-5.87147e-05,-0.00019214248,0.00014157864,-0.0001398317,-9.930575e-05,-0.00020671955,-0.0002129056,-0.00018223409,-0.00024315408,-0.00018007269,0.00090083084,0.00088214123,-0.00018762342,0.00086866255,-0.00014631715,-0.00012558363,-0.00011401627,1.5637306e-05,-0.00017140116,-8.036294e-05,-0.00019547445,-0.0001834799,-0.00014409835,-0.00023293673
MODEM__32_IN_mean,-9.967642e-05,-1.23350865e-05,-2.3596791e-05,-2.9400759e-05,-3.316496e-05,-1.3075003e-05,-2.2512751e-05,2.9953697e-05,-0.00019318332,-7.8820776e-05,1.778841e-05,-0.00025848602,-0.00019470467,-0.00018941468,-0.00020199126,4.0410865e-05,1.441394e-05,-0.00014442558,-4.8452974e-05,-5.8302117e-05,5.1396106e-05,-1.8970846e-05,2.9129022e-05,6.452224e-05,5.0197905e-05
MODEM__32_IN_std,0.0010039625,0.0010648958,0.0008704492,0.0007213055,0.0016320043,0.00087852066,0.0011264597,0.001209052,-9.9313256e-05,7.27707e-05,4.9819835e-05,0.00077144883,2.2032407e-05,0.0006255632,3.0404706e-06,-0.00011839769,4.4868243e-06,-0.00016689405,-0.000130186,-0.0001329635,-0.00013525429,-0.00013130684,-0.00025023593,-6.576584e-05,-0.00018935946
MODEM__32_IN_min,0.0011937306,0.0009933525,0.0007522836,0.0008557761,0.0010570314,0.0010460671,0.00070039753,0.0012687757,-5.469404e-05,-0.00015638124,-0.00010520317,0.0004939332,0.0004577663,0.0004794224,0.0004570817,-0.00012985282,0.0004961042,1.2634575e-05,-0.00017391026,-0.00017012656,-0.0002007977,0.00026170263,-0.00022199847,-7.4639465e-05,-7.388756e-05
MODEM__32_IN_max,-0.00032189026,-0.00024660147,-0.00016908228,-0.00024461682,-0.00036751473,-0.000341936,-0.000295302,-0.00034337313,0.0012407335,0.0013366956,-0.00026265386,-0.00028217235,-0.00025339608,-0.0002948963,-0.00027215935,-0.00033357536,-0.0002738549,-0.00031056424,-0.00035388413,-0.00032723905,-0.0001661163,-0.00019981456,-0.00032042814,-0.00035781236,-0.00043960958
MODEM__32_OUT_mean,0.0031317025,0.0023472665,0.00234627,0.0021784094,0.0030446744,0.0034149191,-0.00024803652,-1.796168e-05,-0.00041632375,0.0019485896,-0.00019970759,0.0016861075,0.0022473312,0.0022715372,0.00220498,0.0003344114,0.0021941601,0.0017686294,0.0019199484,0.002567244,0.0013959444,-0.000347555,-0.0006102487,-0.00039642505,-0.0003621096
MODEM__32_OUT_std,-0.0002814433,-0.000107716296,-5.1222294e-05,-0.000106120606,1.2222497e-06,-6.101663e-05,-0.00017584264,-0.00027257798,0.00038155232,-0.00015314655,0.00029915225,0.00066217873,0.00059980294,0.00060975883,-7.530799e-05,-9.365758e-05,0.00038056346,-0.00015656206,0.00042870292,-0.00025262608,-0.00015319271,-8.868968e-05,-0.00016678525,-0.00016377479,-0.00019818742
MODEM__32_OUT_min,0.0049088676,-0.00017327841,-0.00015585215,-0.0004720426,0.0011052547,0.0010212096,-0.00045621014,-0.00012198229,-4.367092e-05,-0.00022119006,0.004537495,0.0059713027,0.0062431465,0.006365883,0.004893929,0.004578744,0.005009507,0.0045799953,0.004848412,0.0033412988,0.0030925318,-0.00084885745,-0.00056862907,-0.00015901077,-0.00033624924
MODEM__32_OUT_max,0.0020823155,0.0017108404,0.001893281,0.0013612957,0.0020246147,0.001840399,0.00090654526,0.0012479484,-0.00021895587,-0.00036621923,-0.00013913657,0.0011904935,0.0008385981,0.0009559984,0.0013492267,0.0006143393,0.00071346125,0.0013845856,0.00060727866,0.00153201,0.0008777218,0.00083906454,-0.00032918298,-0.00022773791,-0.0003633945
MODEM__33_IN_mean,0.0010450135,0.0011032389,0.0011353616,0.0013622653,0.000978808,0.0012151233,0.0011896653,0.001289961,0.0014356701,0.0013570813,0.0012836024,0.0010993234,0.0010067759,0.0010200233,0.0012319642,0.0011311707,0.0010036118,0.000944209,0.0009306707,0.0010836549,0.0011155361,0.0010606725,0.0011202017,0.0011034587,0.0011637226
MODEM__33_IN_std,-4.4356842e-05,-3.651705e-05,-8.542852e-06,-2.5723777e-05,6.8037507e-06,-2.2300035e-05,1.3859479e-05,1.0136409e-05,-2.7006006e-06,9.430428e-06,4.9356124e-05,2.5746034e-05,1.6262218e-05,-2.9305602e-05,-6.753227e-05,-7.2896124e-05,-6.0707956e-05,-4.8366765e-05,-1.40372e-05,-2.2436703e-05,-2.1271218e-05,-0.0001881943,-0.00016843788,-4.3950327e-05,-4.860338e-05
MODEM__33_IN_min,0.00015057981,0.00014584794,0.00018036716,0.00019561085,0.00023163785,0.00014498977,0.00018179731,0.0002543616,0.00013036572,0.00017316492,-0.00017879861,8.73232e-05,-2.0544996e-05,-0.00013932156,-0.0001314265,2.4372217e-05,-8.0751175e-05,-1.985368e-05,-7.778899e-07,-0.0001018426,-0.00011254632,4.028998e-05,0.00014411318,0.00030206935,0.0003332611
MODEM__33_IN_max,9.0709465e-05,6.49372e-05,0.00010388898,9.456073e-05,6.873731e-05,8.153661e-05,2.8581328e-05,6.635483e-05,0.000103518905,7.9998594e-05,0.00018086522,6.872913e-05,0.00012374845,7.4713076e-05,8.512602e-05,0.00017877892,9.061125e-05,4.7648973e-05,0.000111321424,0.0002496971,0.000100493795,8.440929e-05,9.836375e-05,7.958813e-05,7.4013886e-05
MODEM__33_OUT_mean,-2.6662708e-05,-7.457398e-05,-8.8920366e-05,-7.85062e-05,-8.147449e-05,-9.60459e-05,-0.00011171456,-7.763739e-05,-6.380494e-05,-5.798584e-05,-0.000115329945,-3.1975902e-05,-4.736407e-05,-5.3438835e-05,-4.5017092e-05,-3.0428724e-05,-4.097423e-05,-2.2860264e-05,-3.1489468e-05,-3.8341757e-05,-5.1736664e-05,-0.000115538234,-7.486317e-05,-7.0852795e-05,-8.2319006e-05
MODEM__33_OUT_std,0.0011471687,0.000870066,0.0008683499,0.00093174237,0.0010167434,0.0010319806,0.0012788962,0.0020598418,0.0009063077,0.0010434599,0.001164408,0.0027520522,0.0012646879,0.0013156505,0.0010068463,0.0012502389,0.0010967774,0.0011740226,0.00090181513,0.00089102925,0.00071965,0.0009406122,0.0007634359,0.0011809587,0.0011397392
MODEM__33_OUT_min,9.8987126e-05,0.00015029674,2.9996401e-05,3.3443943e-05,2.0546888e-05,2.9009372e-05,0.0001562671,3.4074506e-05,6.764313e-05,3.0468247e-05,-3.1078154e-05,-0.00010404241,-6.6177876e-05,-9.8001394e-05,0.00010084845,8.053875e-05,9.160771e-05,-2.9681354e-05,-1.3238657e-05,2.5459065e-05,2.126755e-05,9.777349e-05,0.00010765449,0.00010005541,0.000108713924
MODEM__33_OUT_max,0.00934998,0.011238752,0.011519257,0.011524158,0.011481701,0.0116105005,0.010736469,0.011087521,0.011377782,0.011551201,0.012162697,0.012216362,0.012384832,0.012345421,0.009709724,0.010260641,0.011103391,0.012406835,0.011431036,0.009488109,0.011022635,0.010541511,0.009719625,0.0100771785,0.009570807
MODEM__34_IN_mean,0.0040872274,0.004142922,0.0041014887,0.0041864496,0.003920731,0.003601233,0.0040543913,0.004416307,0.0041374415,0.0041450392,0.005791422,0.0061207977,0.005898019,0.0058510425,0.004785519,0.0040538604,0.004276841,0.005859879,0.006397545,0.0040770494,0.0039221914,0.0033447507,0.003697392,0.003403449,0.0036205023
MODEM__34_IN_std,0.001499596,0.0010449889,0.0010724108,0.0014939053,0.0015676417,0.0013483474,0.0014052643,0.001485508,0.0011224716,0.0011678544,0.001147114,0.0008043624,0.0007543333,0.0008145761,0.0007899784,0.0008982232,0.0010165288,0.0010487542,0.00093157537,0.0008263145,0.001679713,0.0017823919,0.0014730352,0.001314259,0.0017883135
MODEM__34_IN_min,0.0011289754,0.00074624456,0.0009512146,0.0008064619,0.0010642792,0.0007940143,0.0013744839,0.0015175408,0.0007211441,0.0006192239,0.0005488887,0.00041142642,0.0006839564,0.0006577752,0.00059999904,0.00023378676,0.0006552292,0.000804216,0.00044162286,0.0005279201,0.00061282894,0.00056855765,0.00077335647,0.0008809857,0.0006910634
MODEM__34_IN_max,0.021559257,0.020361697,0.020401705,0.020165773,0.020245928,0.018323278,0.017749878,0.018681204,0.019460326,0.020450069,0.026825355,0.02886231,0.027938163,0.028060613,0.022017965,0.022410288,0.02297239,0.026969792,0.026699029,0.019612916,0.023347013,0.018520387,0.016776737,0.016046302,0.017356262
MODEM__34_OUT_mean,0.00859517,0.008393679,0.008010602,0.008043193,0.008408423,0.0080764145,0.0069626938,0.008228214,0.007999033,0.008163287,0.011804692,0.011464254,0.011342899,0.0113736065,0.009505652,0.010089187,0.008812324,0.012165127,0.01213753,0.0081635425,0.00819721,0.007385719,0.007372481,0.006975555,0.007120521
MODEM__34_OUT_std,0.0009136887,0.0004156083,0.0010483527,0.0009014188,0.0008180598,0.0008426722,0.0004406219,0.0009755695,0.0007199885,0.0007657673,0.0007222092,0.0018937911,0.0015841919,0.0016315834,0.0004698875,0.00057159143,0.0007988593,0.0012062646,0.001203818,0.0008074839,0.0008467378,0.0008104208,0.0007263605,0.00045948394,0.000521
MODEM__34_OUT_min,0.0007407044,0.0004452935,0.00054797495,0.0003191286,0.00024239234,0.0002891978,0.00046366366,0.0005649358,0.00023304865,0.00029341498,0.00020531414,0.0009165779,0.001008414,0.0008626341,0.00025760016,0.00023740686,0.00034902338,0.00034823976,0.00023380903,0.00025017065,0.00025028872,0.00027676555,0.00047529658,0.00031827932,0.00030655198
MODEM__34_OUT_max,0.00015561622,0.00015564583,0.00015282704,0.00015048582,0.00015530431,0.00015507358,0.00015288843,0.00015276803,8.248681e-05,8.472697e-05,0.00016496638,3.008015e-05,3.0051906e-05,2.6332915e-05,5.643417e-05,0.0001448166,5.652526e-05,5.895193e-05,5.6513865e-05,5.497413e-05,5.6435925e-05,0.00015276932,0.00015107944,0.00015524113,0.0001534641
MODEM__37_IN_mean,0.000108202745,7.8513294e-05,0.00011701398,9.158723e-05,0.00011557312,0.00014045765,-5.7325474e-06,-2.1321155e-05,8.734238e-05,0.000113537455,2.37264e-05,-3.80479e-06,5.2189913e-05,3.2718784e-05,4.213108e-05,2.637898e-05,0.00011397131,1.3937837e-05,9.362335e-06,0.00010617111,2.5019612e-05,0.000104307386,4.55324e-05,5.6619945e-05,5.6770168e-05
MODEM__37_IN_std,-1.3721286e-05,1.2023565e-05,4.821093e-05,5.895703e-06,3.903552e-05,-4.8344737e-06,4.130328e-05,9.720754e-05,-6.675789e-05,-3.3152515e-05,-8.0006015e-05,-3.052221e-05,-2.595026e-05,-3.0055566e-05,-5.1101655e-05,3.5620287e-06,1.0563084e-05,-7.521323e-05,-6.9483125e-05,-9.9906414e-05,-3.4793782e-05,-2.0119624e-06,-2.6200878e-05,1.9083507e-05,0.000121349454
MODEM__37_IN_min,-2.8224458e-05,-2.7924576e-05,-3.8938753e-05,-3.9293518e-05,-3.196992e-05,-3.1088763e-05,-3.2526325e-05,-2.6747719e-05,-3.628673e-05,-3.5963505e-05,-2.2574615e-05,-2.1026019e-05,-2.041877e-05,-3.2622656e-06,-4.411074e-05,-3.877219e-05,-4.050332e-05,-4.8876296e-05,-3.2784425e-05,-4.95741e-05,-5.127452e-05,-3.5742807e-05,-3.4436758e-05,-3.4760073e-05,-1.2156768e-05
MODEM__37_IN_max,0.00017632458,0.00022909074,0.00019569101,0.00016866067,0.00022570779,0.00021405632,0.0002195637,0.00034860685,0.00015806954,0.00020176714,0.00016217688,0.0004980991,0.00026087582,0.00027145506,9.3931594e-05,8.719117e-05,0.00011638547,9.642304e-05,7.08841e-05,0.00017145621,0.00020438337,0.00017534019,0.00014837981,0.0001912948,0.000216282
MODEM__37_OUT_mean,0.01647818,0.015996931,0.016115109,0.016070887,0.01594442,0.016072972,0.0163569,0.016488113,0.015960356,0.016473042,0.022984166,0.022964194,0.022235852,0.022688285,0.016165042,0.01669731,0.01638121,0.021477444,0.020192059,0.016041804,0.019108893,0.014385434,0.012854002,0.013154612,0.013146052
MODEM__37_OUT_std,0.0039748456,0.0038902084,0.0039810864,0.003817185,0.0039539384,0.0038827173,0.004110519,0.0044247136,0.0035873405,0.0040926347,0.0044876863,0.005484357,0.005488892,0.005568439,0.0036102592,0.003153299,0.003474822,0.0036219673,0.004291373,0.0032944963,0.0043160985,0.0032365571,0.0033466553,0.0039802813,0.0039432244
MODEM__37_OUT_min,0.0018182193,0.0014986516,0.0018058381,0.0013364875,0.0023859113,0.0017333019,0.0023514214,0.002249143,0.0013586985,0.001956558,0.0023550699,0.002707082,0.0024633035,0.0018190269,0.0022180446,0.0018702047,0.002349102,0.0021641867,0.0026988564,0.0024919468,0.0027704819,0.0020859174,0.0022238004,0.0017810868,0.0022030023
MODEM__37_OUT_max,0.0026031726,0.0029783938,0.0025567263,0.0030768097,0.0030965777,0.0031398071,0.0029894952,0.0031006713,0.002525141,0.002535981,0.003268819,0.0031940413,0.0031569574,0.0031516647,0.0027679235,0.0023223348,0.0024208967,0.0022428115,0.0022166022,0.0023275171,0.002169491,0.0022733132,0.0021994465,0.0024030462,0.002044038
MODEM__3_IN_mean,1.0610665e-05,-7.451358e-05,-7.521836e-05,4.4526228e-06,1.0811286e-05,1.0811286e-05,-1.5716864e-08,-5.9102047e-07,3.987227e-05,-7.5105774e-05,1.6780256e-06,5.2970518e-06,-2.7467237e-05,7.46127e-06,-5.2391784e-05,-3.4000755e-07,6.502849e-06,5.57465e-07,7.2231114e-06,1.262734e-05,1.2426719e-05,5.001854e-05,4.3263928e-05,-8.898673e-06,-1.6331176e-05
MODEM__3_IN_std,0.0022429477,0.0026024936,0.0022724073,0.004082448,0.0024256734,0.002570191,0.0026947337,0.0024195334,0.0045283437,0.0025172182,0.0026330792,0.0028488226,0.0033370883,0.0031550068,0.002649336,0.0025253682,0.0022714299,0.0037086266,0.002267088,0.0027970697,0.0027338066,0.0023667482,0.0027314834,0.002593126,0.0035146617
MODEM__3_IN_min,-9.9164994e-05,-0.00010365074,-0.00014421101,0.00050714536,-5.246984e-05,-7.130287e-05,0.00024582606,-8.369312e-05,0.00021093572,-8.0723694e-05,-5.1433735e-06,5.1558458e-05,0.0012611668,0.0002858298,-7.3867566e-05,3.8500184e-07,6.2123254e-06,0.00021819274,-7.696013e-05,-6.400616e-05,2.7311466e-05,-0.000118223295,4.790923e-05,-0.00012749348,0.0002681068
MODEM__3_IN_max,7.791189e-05,-5.308635e-05,0.00021863343,7.074805e-05,-3.059336e-05,-3.2528184e-05,-1.9389954e-05,5.471563e-05,-1.5296591e-05,6.265531e-05,7.4666954e-05,-1.166978e-05,-5.2325744e-05,3.0529198e-05,0.00018612451,5.7265963e-05,-0.0001517355,-1.6417502e-05,-1.723873e-05,-3.692087e-05,-5.4713393e-05,-5.2067335e-05,-0.00017834787,0.00031596923,0.00047390658
MODEM__3_OUT_mean,-2.2193675e-05,5.7764382e-06,-1.3294282e-06,-4.296787e-06,6.972081e-06,1.9468955e-06,-5.2620817e-06,-1.140608e-05,-1.8848616e-06,-1.3969141e-06,-3.7720103e-05,2.246325e-05,1.883927e-05,4.595014e-06,-7.210164e-05,-1.2036544e-05,-1.8891293e-05,5.1503263e-05,5.147827e-05,-2.4696204e-05,4.550437e-05,-5.386294e-05,3.8799168e-05,3.392031e-05,8.69373e-05
MODEM__3_OUT_std,0.001911037,-8.400781e-05,-9.154522e-05,0.0008682005,-7.5317475e-05,-4.2891195e-05,-6.277294e-07,-0.000101412734,0.00022467486,-0.00011805787,0.0017970036,0.0014240643,0.0013693387,0.0013843874,-2.9167331e-05,-0.00011629921,-6.249484e-05,0.00097576977,0.00016873854,-2.904211e-05,0.0011340155,0.00022078386,0.0002412352,-6.941041e-05,-5.55659e-05
MODEM__3_OUT_min,0.0016362511,-0.00035978272,-0.00031328827,0.00038932473,-0.00036034122,-0.00037240086,-0.00044369663,-0.0005583102,0.0005979732,-0.0003512909,0.0018535653,0.0021654593,0.0021308772,0.0020352956,0.00011903606,-0.00021275601,-0.00020527064,0.0021843049,0.0013413801,0.00023632553,0.0015208595,2.0675966e-06,0.00032775194,-0.0004633901,-0.00036583614
MODEM__3_OUT_max,5.1697712e-05,4.5340796e-05,4.5340796e-05,5.7279154e-05,8.252414e-07,3.6160913e-05,1.7685526e-05,8.89948e-06,6.751118e-05,4.1227075e-05,4.713306e-05,-5.396294e-05,-5.8713835e-05,-6.1276514e-05,-6.57692e-05,-1.4770951e-05,2.7521946e-06,7.2473413e-06,-5.3716103e-05,-7.4329066e-05,-0.00010648713,3.6632832e-06,5.7501715e-05,0.0001862306,0.0002541281
MODEM__4_IN_mean,0.00037966727,0.0004175191,0.00030046166,0.00038589555,0.00037935522,0.0005562784,-0.00012543348,1.5665028e-06,0.0004653026,0.00043267632,-1.5294972e-05,-0.0004616187,0.00015563445,-0.00014521582,0.00020962564,0.00041021412,0.00025280035,0.00022646697,0.00019753593,0.00034039255,0.0003134131,0.00068339723,0.0007367088,0.0007114352,0.00080284476
MODEM__4_IN_std,-0.00031655608,-0.00018180313,-0.00026332497,0.00026804823,-0.000117516,0.00044838985,-0.0001996195,-0.00033104784,0.00019282915,-0.0002147672,0.0002984033,-0.00014066575,0.00020533706,0.0001455732,-9.358579e-05,0.00013076754,-0.00013403728,-0.0001605378,-0.00011941757,-0.00015800653,-0.0001822485,-0.00027094377,-0.00029229815,0.00025621123,0.0002793552
MODEM__4_IN_min,0.005372322,0.004727323,0.0043026484,0.005541577,0.0048029004,0.0046586506,0.0003936911,0.0016191945,0.0050249975,0.004207593,0.0029595625,0.00041447158,0.0018634371,0.0017896432,0.0026394117,0.0032313338,0.002920223,0.0026085342,0.0025391788,0.0034689847,0.0034235343,0.0058083264,0.005728425,0.00615742,0.0066059493
MODEM__4_IN_max,2.0201265e-05,2.966985e-05,-3.7856742e-05,2.3053391e-05,2.2396367e-05,2.3008686e-05,-0.0003524519,0.00013698754,1.698677e-05,2.607525e-05,-9.944299e-05,0.00031523692,-4.467748e-05,-2.801046e-05,-1.7096703e-05,0.00016864068,-5.698267e-05,0.00010716987,-8.186221e-05,1.5039872e-05,4.384182e-05,2.5954489e-05,1.9109795e-05,9.5940675e-05,9.92933e-05
MODEM__4_OUT_mean,1.6352225e-05,-4.7877464e-05,-3.1851552e-05,-1.9653611e-05,-1.656884e-05,-1.0507776e-05,-0.00054250297,-0.00050688704,6.930957e-05,7.359044e-06,-0.00022701613,-0.00017101424,-0.00020730833,-0.00014392968,-0.000739371,-0.00020301781,-4.4885302e-05,-7.833066e-06,-1.9306632e-05,7.0267524e-06,5.0633487e-05,8.992232e-05,-0.0004771051,-0.00010168474,-7.765366e-05
MODEM__4_OUT_std,-0.0005084192,-0.00028018316,-0.00028605867,-0.00034185866,-0.00031268547,9.2169785e-06,-0.00034053496,-2.5183614e-05,-0.00047192513,-0.00033846233,0.0007982515,-0.00025830456,0.00067881035,0.0005606422,-0.00046688117,-0.00018145432,-0.00044092425,0.0008183178,-0.00038235413,-0.00037575635,-0.00047430862,-0.0002128308,-0.00020904499,-0.00016378345,-0.00022518163
MODEM__4_OUT_min,0.0033424331,-0.00019566018,0.002755474,0.00327213,0.0029933194,0.0029273797,-0.0013250383,0.0018550925,0.002983429,0.0025827894,0.003942388,0.003936598,0.0045254687,0.0039755185,-7.710532e-05,0.0015134899,0.0013800246,0.0020368216,0.0021146336,0.0021576772,0.0031963529,0.0030900808,0.0010121609,-0.00169188,-0.0016317051
MODEM__4_OUT_max,0.0016494641,0.001912948,0.0013254368,0.0015766976,0.0017173961,0.0009776496,-0.0012740568,-0.0025463756,0.0014288347,0.0016515565,-0.0008836101,-0.00019317273,0.00013911587,0.00023944653,0.0013845926,0.00087276497,0.001224368,0.00028835112,0.0003664239,0.0015717938,0.0010395133,0.001751938,-0.002099012,-0.0011955443,-0.0011189191
MODEM__5_IN_mean,0.02616457,0.024680309,0.025843933,0.026006686,0.026630895,0.027083185,0.02058325,0.0014703437,0.026021259,0.026635012,0.02818964,0.0028462824,0.030401656,0.029267073,0.02337894,0.024322212,0.024888974,0.025513727,0.02700867,0.026412558,0.026439767,0.023067892,0.021633765,0.021470757,0.02192606
MODEM__5_IN_std,-2.3921864e-05,-5.2321725e-06,7.4735385e-06,1.4430244e-05,0.00010005338,1.1929803e-05,8.858645e-05,-2.9151339e-05,-0.0001222618,-2.4689936e-05,-5.04395e-06,0.00011300165,-0.00016136632,-0.00015399557,5.774028e-05,2.037522e-05,2.5320838e-05,-4.05094e-05,1.8903813e-05,-3.3368797e-05,5.2791645e-05,4.7495756e-05,-8.67368e-06,-2.1580943e-06,1.9402689e-05
MODEM__5_IN_min,0.0013274548,0.0018102793,0.002007911,0.0019976476,0.0022258211,0.0022299918,0.00022512795,0.0004130934,0.0020843616,0.002451378,0.001536137,0.0015011666,0.0023899323,0.00242456,0.0016355047,0.001557061,0.002021093,0.0014472671,0.0020220526,0.002178545,0.002063503,0.0020454256,0.0020587568,0.0019236795,0.0013910367
MODEM__5_IN_max,0.00040907026,0.00021516283,0.00036529134,0.00037445177,0.00039718524,0.00037419738,0.0009293872,0.00092197116,0.0003621088,0.00021029936,0.00010297178,0.00013624963,0.00016059732,0.00019711403,0.0002127273,0.0002162756,0.00021088951,0.00020879046,0.00021477893,0.0002240098,0.00021328487,0.00021744658,0.00037032794,0.00092226715,0.00095150305
MODEM__5_OUT_mean,0.011899837,0.012423855,0.011842717,0.011780535,0.012727578,0.012125635,-0.00076824,-0.0007521543,0.011734507,0.012782399,0.013961315,0.016641995,0.016531145,0.016436717,0.011779165,0.0116380155,0.013983563,0.015931722,0.013737846,0.011718013,0.011721987,0.010045904,0.0078732595,0.00055176514,0.0001828894
MODEM__5_OUT_std,8.307748e-05,-0.00014787396,-0.00015639424,-0.00014438412,-8.998767e-05,0.0009628052,4.3436985e-06,1.3882487e-05,-0.00016882089,-0.00013287154,0.0011564536,0.00085627584,0.00081518805,0.0009145998,-6.6961744e-05,4.2769774e-05,-0.00012678126,1.7438246e-05,-0.00012516155,-5.97964e-05,-0.00016646016,-0.00013732613,4.9090646e-05,-3.2061937e-05,1.2352187e-05
MODEM__5_OUT_min,0.006333753,0.0051020994,0.0055597075,0.0060319374,0.006388245,0.0059564435,-0.00095235877,-0.00058234634,0.0052377204,0.0059942575,0.0065400084,0.009011045,0.009185247,0.009437077,0.0054163015,0.005390538,0.005857425,0.00610429,0.005869414,0.0055882526,0.0057944255,0.005458073,0.005107573,0.00016970385,-0.00012295108
MODEM__5_OUT_max,0.0004049768,0.0003378202,0.0004565642,0.0005104994,0.00050271204,-3.7510606e-05,-1.478468e-06,-6.0912666e-06,0.0003714007,0.00049735274,1.2897349e-05,0.0003565405,0.00040749545,0.00028911344,0.00044542452,0.00033472368,0.00035454723,0.0003119938,0.00048566668,0.000493566,0.0005331567,0.00033037047,0.00036899702,-2.1220327e-05,0.000100494944
MODEM__8_IN_mean,0.00023101631,0.00010184844,-6.0981652e-05,-9.471959e-05,5.0472074e-05,0.000104082865,-2.203702e-05,-6.0329327e-05,-5.7022284e-05,5.455091e-06,-4.7436715e-05,5.8729594e-05,7.946026e-05,5.4316006e-05,-4.109738e-05,-2.1264768e-05,-4.915993e-05,-2.4628442e-05,-1.4240642e-05,-3.151488e-05,-6.4144842e-06,-2.7837928e-05,-3.0372561e-05,-3.0356825e-05,-2.9496354e-05
MODEM__8_IN_std,4.964068e-06,0.00012653123,-8.2431594e-05,-0.00013784047,-8.535113e-05,-4.2601034e-05,-2.6517358e-05,-8.7318935e-05,-0.000101847385,-6.1483115e-05,-4.742012e-05,0.00075349334,0.000281071,0.00074817165,-6.2555184e-05,-0.0001205616,5.6074754e-05,-0.000108235006,0.00040914534,-3.3748405e-05,-7.0551185e-05,-7.774079e-05,5.1408144e-05,-8.982336e-05,-3.489231e-05
MODEM__8_IN_min,-0.00019866673,-0.000109784356,6.427161e-05,-0.00024681728,-0.00013230504,3.9782368e-05,-0.0001257975,0.00022444349,-0.0001365809,-0.00018593311,-0.00011361233,0.0057474743,0.0057991412,0.005581934,0.000131477,0.00012116662,1.5485513e-05,-5.471251e-06,0.0001304501,1.532536e-06,-4.430243e-05,9.331212e-05,-0.00020436391,-0.00015077493,-0.00017642949
MODEM__8_IN_max,7.229936e-05,6.187856e-05,1.02997465e-05,-7.273606e-05,-1.7867105e-05,-3.9058992e-05,-6.104621e-05,-4.9273847e-05,-5.9758673e-05,-8.2268845e-05,0.00024390778,7.586522e-05,0.00023475583,-8.3676285e-05,8.528004e-05,-1.6010681e-05,-5.8226633e-05,0.0002880974,-0.00014954232,-1.4124547e-05,-3.8513273e-05,-0.00025138678,-0.00023331915,5.8438836e-05,4.0428953e-05
MODEM__8_OUT_mean,1.4412475e-05,-1.9514946e-05,3.9022925e-06,-4.0861476e-05,3.3845245e-05,7.238082e-05,-7.3546e-05,-0.00022591207,-4.429279e-05,2.4349029e-05,1.6193819e-05,0.0014081438,0.00229343,0.0022501424,0.00012363167,0.00014440114,0.00023781705,0.0009552518,0.0018293995,-7.277027e-05,-6.0320337e-05,2.956446e-05,-4.9188366e-05,-0.00019776513,-0.00016742377
MODEM__8_OUT_std,-0.00022664158,-1.9705234e-05,0.00012883377,-0.00019457408,7.293448e-05,-0.0001840786,-8.8366425e-05,-8.874109e-05,7.662819e-05,6.149264e-05,0.00053085876,0.00088176434,0.0006981616,0.0006257323,-0.00019562732,0.00062365516,-0.00022920703,0.00061156,0.00094006414,-0.0002820106,-0.00028641688,-0.00020953298,-0.00019061954,-0.00011676755,-8.4340536e-05
MODEM__8_OUT_min,-0.0017069009,-0.0014488994,-0.0014990696,-0.0013846988,-0.0015079549,-0.0014470118,-0.0015705874,-0.0018343162,-0.0014489073,-0.0016706581,0.0069090473,0.006956333,0.0068422495,0.0066283667,-0.0015536083,-0.0013061676,-0.0012877446,0.006842051,0.006848503,-0.0016154269,-0.0016262601,-0.0020776433,-0.0021636975,-0.0018869224,-0.0021582278
MODEM__8_OUT_max,-7.991348e-05,0.00012668813,8.242728e-05,-7.5528056e-05,0.000143179,-7.840398e-05,-7.308548e-05,-8.21967e-05,7.5845615e-05,7.5104355e-05,-4.9394963e-05,5.1467494e-05,0.0003044123,7.43424e-05,0.00014961694,0.00016354446,0.00015602844,8.793696e-05,0.00014009367,0.00015244012,0.00023722737,-0.00010659383,-8.937137e-05,-7.117865e-05,-6.629038e-05
MODEM__9_IN_mean,-0.00048180352,-0.00045098233,-0.0004874716,-0.0003966456,-0.0003851979,-0.00037835084,-0.00046308024,-0.0005414069,-0.0004008909,-0.00044827836,-0.00022870321,0.0018337329,0.0018038229,0.001846445,-0.00049285253,-0.000383005,-0.00051314844,-0.00027599095,-0.00043420805,-0.0005168366,-0.00049739104,-0.0004458675,-0.00034012625,-0.00012754813,0.0009895561
MODEM__9_IN_std,-0.00018849413,-2.555783e-07,-0.0001434181,-0.00013290418,-0.00013275824,-7.6961056e-05,-0.00010076784,-0.000106127656,-6.75181e-05,-0.00018693805,-0.00015404828,0.0001724895,0.00035058803,0.0003233686,-0.000112865615,-0.00022060727,-7.656483e-05,6.1199775e-05,2.6790083e-05,-8.087026e-05,-0.000120548764,-6.101229e-05,0.000117162745,5.0966178e-06,2.2285358e-05
MODEM__9_IN_min,-0.00010344411,-0.0001092895,-0.00012549803,-0.00016644492,-0.00013528712,-0.00015265148,-0.0002005737,5.2003415e-06,-0.00013172174,-0.0001813804,-0.00013859854,0.0020137497,0.001775949,0.0012811484,-0.00011335023,-0.000108177264,-0.00021606647,-0.00018010945,0.00018466428,-0.00019382771,-0.00017755025,-0.00017495343,-0.00012912932,0.0009790402,-9.928622e-05
MODEM__9_IN_max,-0.00013141033,-0.00010597032,-8.943561e-05,-0.00012444239,-0.00012447617,-0.00010027955,-0.00094816723,-0.0001291275,0.00014247601,-0.00014465538,-2.74276e-05,0.00012991637,0.00051450054,-0.00018940776,-0.00014179564,-0.00013600536,-0.000140335,-0.00013259526,-0.00015748414,-4.2121123e-05,5.7778023e-05,-0.00067121524,-0.00018604958,-5.9672475e-05,0.00020234231
MODEM__9_OUT_mean,-0.00016514551,-0.00010318752,0.00073365634,-0.00012869944,0.00030139054,-0.00010717096,-6.843925e-05,-8.4121006e-05,-9.4290415e-05,-0.00013081596,-0.00015855057,0.00038822484,0.0005166517,0.000262167,0.0005611578,-0.00020260797,0.0006961909,0.00031260974,0.0006787633,0.00045442733,0.0006791096,-6.591772e-05,-8.178571e-05,-0.00010086151,-9.961882e-05
MODEM__9_OUT_std,-0.0013430082,-0.00077748345,-0.00075048243,-0.000605993,-0.0008782705,-0.0006998618,-0.00046133815,-0.00043842496,-0.0006226678,-0.00069275807,0.0028743884,0.0029341422,0.002953014,0.0032163044,-0.00074589846,-0.0008578749,-0.0008842201,0.003121532,-0.0014185763,-0.0006828282,-0.0011593326,-0.0003109448,-0.00024721454,-0.0003686069,-0.00032192486
MODEM__9_OUT_min,-0.00023828636,-0.00035135512,-0.00019497579,-0.0001093528,0.00048507864,-8.805415e-05,-0.00052574265,-0.00015464865,-0.000111707785,-0.00040488582,0.002732093,0.0022566838,0.0025974163,0.0023315449,0.0006426468,-0.00065366714,0.0005775673,0.0008385894,9.519442e-05,0.00084835134,-0.00027659364,-0.00034185874,-8.960443e-05,-0.0001692263,-6.372563e-05
MODEM__9_OUT_max,-0.00012882594,-8.369979e-05,0.0012092687,-0.00014487436,0.0014743971,-0.00014930405,-0.0002035685,-0.00017197912,-6.608624e-05,-0.00012866166,-0.0002845203,0.00076207943,0.00076102006,0.0009821102,0.0014933607,0.0009949835,0.0017140075,0.0012191805,0.0013306619,0.0012466363,0.0017816513,-0.00015903848,-0.0001298517,-0.00015818697,-0.0002064796
